id,0,1,2,3,4,5,6,7,8,9,10,11,12,13,14,15,16,17,18,19,20,21,22,23,24,25,26,27,28,29,30,31
0,,0.62,0.56,0.36,0.14,0.14,0.22,0.19,0.58,0.13,0.13,0.05,0.16,0.11,0.13,0.07,0.1,0.11,0.1,0.16,0.09,0.12,0.08,0.14,0.45,0.09,0.09,0.14,0.18,0.12,0.11,0.99
1,0.13,,0.16,0.13,0.2,0.18,0.19,0.21,0.1,0.26,0.11,0.15,0.68,0.22,0.47,0.38,0.28,0.21,0.13,0.09,0.43,0.16,0.35,0.26,0.15,0.29,0.44,0.27,0.21,0.14,0.17,0.1
2,0.59,0.54,,0.3,0.25,0.3,0.31,0.1,0.43,0.2,0.12,0.11,0.11,0.17,0.13,0.08,0.14,0.21,0.14,0.08,0.07,0.18,0.12,0.13,0.53,0.12,0.06,0.11,0.11,0.09,0.19,0.51
3,0.97,0.73,0.5,,0.18,0.18,0.23,0.17,0.69,0.11,0.14,0.06,0.14,0.15,0.11,0.05,0.1,0.17,0.18,0.14,0.12,0.07,0.08,0.07,0.4,0.05,0.12,0.15,0.09,0.15,0.15,0.98
4,0.09,0.14,0.19,0.12,,0.27,0.59,0.19,0.14,0.84,0.13,0.51,0.61,0.72,0.14,0.09,0.8,0.72,0.15,0.25,0.21,0.58,0.5,0.72,0.5,0.25,0.13,0.12,0.7,0.13,0.8,0.13
5,0.44,0.38,0.3,0.28,0.24,,0.21,0.21,0.48,0.19,0.15,0.13,0.22,0.12,0.12,0.12,0.2,0.26,0.12,0.12,0.14,0.09,0.12,0.1,0.15,0.07,0.11,0.2,0.19,0.11,0.13,0.42
6,0.16,0.17,0.14,0.09,0.14,0.22,,0.25,0.06,0.24,0.1,0.18,0.63,0.3,0.46,0.4,0.35,0.28,0.15,0.14,0.4,0.18,0.42,0.32,0.16,0.35,0.29,0.3,0.21,0.17,0.24,0.07
7,0.12,0.14,0.14,0.19,0.19,0.12,0.12,,0.13,0.07,0.12,0.12,0.48,0.19,0.59,0.57,0.13,0.2,0.19,0.23,0.58,0.1,0.11,0.14,0.09,0.32,0.53,0.43,0.13,0.14,0.15,0.17
8,0.53,0.46,0.44,0.31,0.21,0.26,0.1,0.13,,0.15,0.15,0.08,0.16,0.11,0.11,0.12,0.14,0.26,0.15,0.17,0.18,0.21,0.12,0.08,0.3,0.12,0.09,0.14,0.14,0.11,0.12,0.49
9,0.9,0.82,0.93,0.44,0.15,0.57,0.77,0.1,0.64,,0.1,0.4,0.46,0.71,0.15,0.13,0.57,0.52,0.09,0.13,0.13,0.4,0.38,0.55,0.83,0.14,0.07,0.08,0.63,0.09,0.58,0.94
10,0.55,0.6,0.44,0.79,0.86,0.24,0.29,0.51,0.81,0.16,,0.24,0.53,0.13,0.52,0.61,0.24,0.93,1.0,1.0,0.55,0.32,0.2,0.22,0.31,0.33,0.59,0.67,0.24,1.0,0.23,0.71
11,0.34,0.55,0.65,0.43,0.77,0.89,1.0,0.78,0.56,1.0,0.83,,0.86,1.0,0.83,0.85,1.0,0.96,0.82,0.85,0.77,1.0,1.0,1.0,0.86,0.75,0.8,0.79,0.99,0.83,1.0,0.56
12,0.98,0.98,0.95,0.84,0.79,0.89,0.96,0.92,0.97,1.0,0.69,0.99,,1.0,1.0,1.0,1.0,0.73,0.8,0.73,1.0,1.0,1.0,1.0,1.0,0.98,1.0,0.97,0.98,0.77,1.0,1.0
13,0.12,0.29,0.26,0.08,0.25,0.49,0.64,0.23,0.23,0.98,0.11,0.82,0.54,,0.22,0.17,1.0,0.59,0.08,0.15,0.32,0.98,0.98,0.98,0.84,0.64,0.21,0.34,0.84,0.15,0.99,0.17
14,0.17,0.3,0.16,0.31,0.4,0.47,0.29,0.37,0.21,0.31,0.18,0.27,0.41,0.3,,0.27,0.21,0.32,0.18,0.18,0.35,0.25,0.34,0.33,0.15,0.28,0.22,0.41,0.24,0.26,0.23,0.14
15,0.34,0.47,0.29,0.42,0.78,0.36,0.33,0.89,0.43,0.27,0.71,0.35,0.91,0.27,1.0,,0.24,0.69,0.87,0.84,0.99,0.26,0.44,0.32,0.25,0.65,1.0,1.0,0.35,0.75,0.38,0.33
16,1.0,0.83,0.99,0.73,0.66,0.65,0.87,0.14,0.93,1.0,0.93,0.62,0.97,1.0,0.16,0.15,,0.96,0.94,0.4,0.16,0.99,0.62,1.0,1.0,0.28,0.09,0.17,1.0,0.93,1.0,1.0
17,0.7,0.71,0.73,0.75,0.99,0.95,0.97,0.79,0.92,1.0,1.0,1.0,0.57,0.99,0.3,0.3,1.0,,1.0,1.0,0.37,1.0,0.98,1.0,0.98,0.68,0.19,0.75,0.99,1.0,1.0,0.68
18,0.93,0.82,0.77,0.89,0.91,0.37,0.29,0.42,0.89,0.15,1.0,0.17,0.22,0.14,0.18,0.14,0.1,0.83,,1.0,0.2,0.27,0.12,0.13,0.25,0.19,0.16,0.51,0.13,1.0,0.19,0.95
19,0.99,0.98,0.94,0.96,1.0,0.99,1.0,0.98,0.99,1.0,1.0,1.0,1.0,1.0,1.0,1.0,1.0,0.99,1.0,,0.99,1.0,1.0,1.0,1.0,0.99,0.99,0.99,1.0,1.0,1.0,0.99
20,0.67,0.76,0.55,0.54,0.58,0.66,0.65,0.93,0.67,0.81,0.76,0.78,1.0,0.81,1.0,1.0,0.84,0.84,0.75,0.74,,0.86,0.92,0.93,0.7,0.99,1.0,0.98,0.74,0.77,0.86,0.73
21,1.0,1.0,0.99,0.94,1.0,1.0,1.0,0.99,0.99,1.0,1.0,1.0,1.0,1.0,1.0,0.98,1.0,1.0,0.99,0.99,1.0,,1.0,1.0,1.0,1.0,0.99,0.99,1.0,1.0,1.0,1.0
22,0.99,0.99,0.89,0.94,0.87,0.87,0.96,0.98,1.0,1.0,0.81,0.98,1.0,1.0,1.0,1.0,1.0,0.84,0.64,0.75,1.0,1.0,,1.0,1.0,1.0,1.0,1.0,1.0,0.66,1.0,1.0
23,0.18,0.16,0.17,0.22,0.26,0.41,0.69,0.28,0.2,0.9,0.11,0.65,0.58,0.88,0.4,0.31,0.92,0.57,0.07,0.13,0.32,0.73,0.95,,0.59,0.52,0.32,0.27,0.78,0.18,0.83,0.21
24,1.0,1.0,1.0,0.99,0.92,1.0,1.0,0.79,1.0,1.0,1.0,0.99,0.93,1.0,0.86,0.92,1.0,1.0,1.0,0.98,0.9,0.99,1.0,1.0,,0.8,0.92,0.74,1.0,0.99,1.0,1.0
25,0.24,0.27,0.34,0.24,0.18,0.41,0.71,0.4,0.29,1.0,0.12,0.69,0.98,0.99,0.96,1.0,1.0,0.75,0.18,0.12,0.89,0.85,0.99,1.0,0.71,,0.98,0.41,0.88,0.16,1.0,0.37
26,0.79,0.81,0.65,0.63,0.92,0.77,0.86,0.89,0.92,0.99,1.0,0.94,1.0,0.98,1.0,1.0,0.99,0.93,1.0,1.0,1.0,0.99,1.0,0.99,0.9,0.99,,0.98,0.98,1.0,1.0,0.96
27,0.13,0.2,0.21,0.17,0.17,0.39,0.63,0.14,0.16,1.0,0.15,0.63,0.74,0.98,0.11,0.07,1.0,0.77,0.1,0.13,0.13,0.64,0.75,1.0,0.63,0.07,0.14,,0.83,0.19,0.99,0.12
28,0.14,0.05,0.13,0.57,0.33,0.13,0.16,0.15,0.14,0.11,1.0,0.08,0.18,0.1,0.17,0.12,0.14,1.0,1.0,1.0,0.05,0.15,0.06,0.08,0.11,0.12,0.16,0.14,,0.99,0.1,0.11
29,0.18,0.18,0.05,0.38,0.43,0.11,0.16,0.15,0.12,0.1,0.64,0.11,0.09,0.11,0.1,0.14,0.11,0.72,0.7,0.69,0.16,0.14,0.17,0.15,0.15,0.13,0.06,0.25,0.13,,0.12,0.14
30,0.79,0.79,0.85,0.59,0.33,0.87,0.99,0.37,0.8,1.0,0.23,0.96,0.49,1.0,0.33,0.21,1.0,0.74,0.2,0.24,0.25,0.99,0.96,1.0,0.99,0.4,0.24,0.22,0.98,0.3,,0.86
31,1.0,0.93,0.97,0.72,0.42,0.76,0.6,0.42,0.98,0.48,0.24,0.39,0.35,0.41,0.22,0.22,0.45,0.43,0.2,0.22,0.24,0.42,0.42,0.49,0.59,0.31,0.18,0.36,0.58,0.26,0.31,
