id,source,reward,A,seed,ts_dir,row_mean_wr,col_mean_wr_as_hider,U1_seeker,U2_seeker,V1_hider,V2_hider
0,grid,R4_sparse,0.0,0,/pfs/lustrep2/scratch/project_465002609/julian/AI-Plays-Tag/experiments/results/design_c/grid/R4_sparse/A00/seed_0/20260508_194241,0.22013104838709677,0.5482560483870969,-0.20660410301872756,-0.0005006814216649835,0.12705547864133004,-0.12925784546372937
1,grid,R4_sparse,0.0,1,/pfs/lustrep2/scratch/project_465002609/julian/AI-Plays-Tag/experiments/results/design_c/grid/R4_sparse/A00/seed_1/20260508_194241,0.23912298387096773,0.5647479838709677,-0.18061506845349934,0.0692819926594497,0.1301214299896981,-0.10153201032668496
2,grid,R4_sparse,0.0,2,/pfs/lustrep2/scratch/project_465002609/julian/AI-Plays-Tag/experiments/results/design_c/grid/R4_sparse/A00/seed_2/20260508_194241,0.21558971774193547,0.5221522177419355,-0.20516870871869752,0.04294357118428088,0.14350084392201154,-0.06304208650302036
3,grid,R4_sparse,0.0,3,/pfs/lustrep2/scratch/project_465002609/julian/AI-Plays-Tag/experiments/results/design_c/grid/R4_sparse/A00/seed_3/20260508_230843,0.2436693548387097,0.49116935483870977,-0.1964952570824796,-0.03724775625427803,0.12687826045171516,-0.19577184494895067
4,grid,R4_sparse,0.0,4,/pfs/lustrep2/scratch/project_465002609/julian/AI-Plays-Tag/experiments/results/design_c/grid/R4_sparse/A00/seed_4/20260508_230843,0.3717237903225806,0.4985987903225806,-0.08005922462472152,0.29795989697314124,0.15592961075728812,-0.19866786082972693
5,grid,R4_sparse,0.5,0,/pfs/lustrep2/scratch/project_465002609/julian/AI-Plays-Tag/experiments/results/design_c/grid/R4_sparse/A50/seed_0/20260508_194241,0.2023588709677419,0.508608870967742,-0.21262043735352829,0.02252018841439246,0.17336777885134846,0.020364348499829016
6,grid,R4_sparse,0.5,1,/pfs/lustrep2/scratch/project_465002609/julian/AI-Plays-Tag/experiments/results/design_c/grid/R4_sparse/A50/seed_1/20260508_194241,0.24934475806451614,0.568719758064516,-0.1708076684555753,0.09957066939325315,0.18731953096762405,0.13777358079506608
7,grid,R4_sparse,0.5,2,/pfs/lustrep2/scratch/project_465002609/julian/AI-Plays-Tag/experiments/results/design_c/grid/R4_sparse/A50/seed_2/20260508_194241,0.2271471774193548,0.4502721774193548,-0.19170487746480075,-0.0184576595031783,0.17295502242534028,-0.1565423330721097
8,grid,R4_sparse,0.5,3,/pfs/lustrep2/scratch/project_465002609/julian/AI-Plays-Tag/experiments/results/design_c/grid/R4_sparse/A50/seed_3/20260508_230833,0.2037701612903226,0.5575201612903227,-0.2138825749978667,0.009768751203432836,0.15139568482354399,-0.13351797316345887
9,grid,R4_sparse,0.5,4,/pfs/lustrep2/scratch/project_465002609/julian/AI-Plays-Tag/experiments/results/design_c/grid/R4_sparse/A50/seed_4/20260508_230833,0.43480342741935485,0.5926159274193549,-0.061088236918059424,0.1837293410939815,0.2124453743503897,0.26062223988215194
10,grid,R7_kitchen_sink,0.0,0,/pfs/lustrep2/scratch/project_465002609/julian/AI-Plays-Tag/experiments/results/design_c/grid/R7_kitchen_sink/A00/seed_0/20260508_194241,0.5097883064516129,0.4766633064516129,-0.030706133323947893,-0.2762233404991479,0.16726213540974832,-0.2666446292827673
11,grid,R7_kitchen_sink,0.0,1,/pfs/lustrep2/scratch/project_465002609/julian/AI-Plays-Tag/experiments/results/design_c/grid/R7_kitchen_sink/A00/seed_1/20260508_194241,0.8117993951612903,0.5033618951612904,0.19434502718200272,0.08273790046058102,0.21119598838146217,0.11905125477200328
12,grid,R7_kitchen_sink,0.0,2,/pfs/lustrep2/scratch/project_465002609/julian/AI-Plays-Tag/experiments/results/design_c/grid/R7_kitchen_sink/A00/seed_2/20260508_194241,0.9273991935483872,0.5861491935483871,0.25850515955732756,0.007668152039003798,0.16543881091074358,0.07265308703630147
13,grid,R7_kitchen_sink,0.0,3,/pfs/lustrep2/scratch/project_465002609/julian/AI-Plays-Tag/experiments/results/design_c/grid/R7_kitchen_sink/A00/seed_3/20260508_230833,0.4754838709677419,0.575483870967742,-0.005843412233828865,0.3810635556365206,0.2126743075318962,0.21994008734404594
14,grid,R7_kitchen_sink,0.0,4,/pfs/lustrep2/scratch/project_465002609/julian/AI-Plays-Tag/experiments/results/design_c/grid/R7_kitchen_sink/A00/seed_4/20260508_230833,0.2776713709677419,0.4732963709677419,-0.15648602150042712,0.04833635072487728,0.17239227008385027,-0.10830663587798588
15,grid,R7_kitchen_sink,0.0,5,/pfs/lustrep2/scratch/project_465002609/julian/AI-Plays-Tag/experiments/results/design_c/grid/R7_kitchen_sink/A00/seed_5/20260510_091624,0.5523235887096773,0.4363860887096775,0.007958010426571821,-0.21547637294108302,0.18269531791652255,-0.11283907780683206
16,grid,R7_kitchen_sink,0.0,6,/pfs/lustrep2/scratch/project_465002609/julian/AI-Plays-Tag/experiments/results/design_c/grid/R7_kitchen_sink/A00/seed_6/20260510_091624,0.7130846774193549,0.5843346774193549,0.11931027000342868,0.11456947922447021,0.20789450789131603,0.25354646299521105
17,grid,R7_kitchen_sink,0.0,7,/pfs/lustrep2/scratch/project_465002609/julian/AI-Plays-Tag/experiments/results/design_c/grid/R7_kitchen_sink/A00/seed_7/20260510_091624,0.8129032258064516,0.6329032258064515,0.18973853229749155,0.05214929495104145,0.14354539994028082,-0.01759589470810654
18,grid,R7_kitchen_sink,0.0,8,/pfs/lustrep2/scratch/project_465002609/julian/AI-Plays-Tag/experiments/results/design_c/grid/R7_kitchen_sink/A00/seed_8/20260510_091624,0.4622379032258065,0.4809879032258064,-0.06870622472837554,-0.29007898882654626,0.16383589165456913,-0.2780271863341216
19,grid,R7_kitchen_sink,0.5,0,/pfs/lustrep2/scratch/project_465002609/julian/AI-Plays-Tag/experiments/results/design_c/grid/R7_kitchen_sink/A50/seed_0/20260508_194241,0.9844556451612902,0.4807056451612904,0.29190422073508426,-0.04812002648056306,0.1435390704358419,-0.30192779267880043
20,grid,R7_kitchen_sink,0.5,1,/pfs/lustrep2/scratch/project_465002609/julian/AI-Plays-Tag/experiments/results/design_c/grid/R7_kitchen_sink/A50/seed_1/20260508_194241,0.7951864919354839,0.45674899193548396,0.17632490094577818,-0.00811698768715373,0.16726817061877575,-0.11110641734685908
21,grid,R7_kitchen_sink,0.5,2,/pfs/lustrep2/scratch/project_465002609/julian/AI-Plays-Tag/experiments/results/design_c/grid/R7_kitchen_sink/A50/seed_2/20260508_194241,0.9881401209677418,0.552827620967742,0.29204174819627754,-0.07394487367559317,0.21243383620889889,0.1654421739787467
22,grid,R7_kitchen_sink,0.5,3,/pfs/lustrep2/scratch/project_465002609/julian/AI-Plays-Tag/experiments/results/design_c/grid/R7_kitchen_sink/A50/seed_3/20260508_230833,0.9349243951612903,0.5602368951612905,0.26119502321853355,-0.003044667632862326,0.2055402570127658,0.19811242858671307
23,grid,R7_kitchen_sink,0.5,4,/pfs/lustrep2/scratch/project_465002609/julian/AI-Plays-Tag/experiments/results/design_c/grid/R7_kitchen_sink/A50/seed_4/20260508_230833,0.4470262096774194,0.5826512096774193,-0.02838082697755792,0.3224219416307345,0.21902456631153547,0.22308038884713363
24,grid,R7_kitchen_sink,0.5,5,/pfs/lustrep2/scratch/project_465002609/julian/AI-Plays-Tag/experiments/results/design_c/grid/R7_kitchen_sink/A50/seed_5/20260510_091624,0.952585685483871,0.5728981854838708,0.27022685017259834,-0.04644418833913383,0.17648506560087418,0.14744347135667804
25,grid,R7_kitchen_sink,0.5,6,/pfs/lustrep2/scratch/project_465002609/julian/AI-Plays-Tag/experiments/results/design_c/grid/R7_kitchen_sink/A50/seed_6/20260510_091624,0.6138256048387096,0.45101310483870977,0.0792544622974124,0.3026661820083061,0.18951152226054485,-0.05392820048929707
26,grid,R7_kitchen_sink,0.5,7,/pfs/lustrep2/scratch/project_465002609/julian/AI-Plays-Tag/experiments/results/design_c/grid/R7_kitchen_sink/A50/seed_7/20260510_091624,0.9230594758064516,0.43274697580645166,0.25679757403486303,-0.033279960897538576,0.17254661340588182,-0.1305304381383148
27,grid,R7_kitchen_sink,0.5,8,/pfs/lustrep2/scratch/project_465002609/julian/AI-Plays-Tag/experiments/results/design_c/grid/R7_kitchen_sink/A50/seed_8/20260510_091643,0.4320514112903226,0.4792389112903226,-0.035461225533125806,0.39076721964554473,0.16886575432749185,-0.15523151915159455
28,anchor,R4_sparse,0.0,42,/pfs/lustrep2/scratch/project_465002609/julian/AI-Plays-Tag/experiments/results/design_c/anchors/R4_sparse/A00/seed_42/20260508_203958,0.28768145161290326,0.5839314516129033,-0.1620770954027465,-0.1789797148615026,0.20602571138580889,0.18901981854795158
29,anchor,R4_sparse,0.5,42,/pfs/lustrep2/scratch/project_465002609/julian/AI-Plays-Tag/experiments/results/design_c/anchors/R4_sparse/A50/seed_42/20260508_203958,0.22593245967741937,0.4937449596774193,-0.19823816347840895,-0.0871940921521916,0.16922527365850423,-0.2725569601281011
30,anchor,R7_kitchen_sink,0.0,42,/pfs/lustrep2/scratch/project_465002609/julian/AI-Plays-Tag/experiments/results/design_c/anchors/R7_kitchen_sink/A00/seed_42/20260508_203958,0.6431350806451612,0.5775100806451612,0.08524835009228594,0.2842552607649871,0.21376673305617597,0.21442432212923604
31,anchor,R7_kitchen_sink,0.5,42,/pfs/lustrep2/scratch/project_465002609/julian/AI-Plays-Tag/experiments/results/design_c/anchors/R7_kitchen_sink/A50/seed_42/20260508_203958,0.47164314516129024,0.5735181451612903,-0.04395873769194619,0.03975440047864011,0.13343606118227616,-0.12088379745897775
