update,timesteps,episodes,seeker_reward_mean,seeker_reward_std,hider_reward_mean,hider_reward_std,episode_length_mean,seeker_win_rate,hider_win_rate,seeker_policy_loss,seeker_value_loss,hider_policy_loss,hider_value_loss,fps,time_elapsed
10,20480,87,-0.6529960569459945,7.653807226822529,0.7125362809854506,7.638250812432682,11.908045977011493,0.3333333333333333,0.6666666666666666,-0.009396321140229702,0.04574213922023773,-0.008648358285427094,0.04394145309925079,235.2123805436489,87.07024669647217
20,40960,225,-0.38471543090080546,7.7123174060756945,0.470874828286469,7.713989672443038,17.231884057971016,0.3422222222222222,0.6577777777777778,-0.013557292520999908,0.1998750865459442,-0.009645411744713783,0.21468228101730347,227.9136836389964,179.71716022491455
30,61440,374,3.2425476005191496,8.056317047659855,-3.1549637336033904,8.061351542116698,17.516778523489933,0.43315508021390375,0.5668449197860963,-0.0120176887139678,0.4492947459220886,-0.0098341666162014,0.45774105191230774,225.55818321315368,272.39091539382935
40,81920,581,9.558145268416428,3.3292756219416932,-9.477468969952765,3.3288156486294183,16.135265700483092,0.6196213425129088,0.3803786574870912,-0.013502340763807297,0.46750912070274353,-0.008983264677226543,0.46458449959754944,221.14934374854954,370.4284110069275
50,102400,767,8.284975281771352,5.262727135264464,-8.204195716225552,5.2632492612626125,16.155913978494624,0.6831812255541069,0.31681877444589307,-0.01152467355132103,0.2731976807117462,-0.006003489717841148,0.285552442073822,220.0170062197647,465.41856813430786
60,122880,960,8.672571437338059,4.912571905345157,-8.590965222140262,4.906385463541842,16.321243523316063,0.7260416666666667,0.27395833333333336,-0.013233921490609646,0.4897378981113434,-0.008393446914851665,0.4758830964565277,218.56804409237515,562.2047839164734
70,143360,1146,9.809094872343184,2.9172355867832755,-9.733530379954464,2.9209562792405688,15.112903225806452,0.7652705061082025,0.23472949389179756,-0.008777886629104614,0.38071927428245544,-0.009813648648560047,0.37510326504707336,218.36698200402716,656.5095083713531
80,163840,1336,8.959644759892438,4.5417112147638194,-8.880618463983563,4.540022240611533,15.805263157894737,0.7866766467065869,0.21332335329341318,0.027807438746094704,0.4944053292274475,-0.004349066875874996,0.5023201107978821,217.81634325374964,752.1933274269104
90,184320,1553,8.85432875531292,4.757948118981531,-8.770526931603968,4.754372804058275,16.76036866359447,0.8036059240180297,0.19639407598197037,0.010769925080239773,0.6665303707122803,-0.008858981542289257,0.7103920578956604,217.22479925604287,848.5219027996063
100,204800,1751,8.62913718999768,5.109560839955317,-8.549061447412546,5.107000337409244,16.015151515151516,0.8138206739006282,0.1861793260993718,-0.0061815474182367325,0.39099380373954773,0.0015768848825246096,0.4343959093093872,216.70106792883,945.0807139873505
110,225280,1979,8.569941974164339,5.145438754068364,-8.494152481545155,5.139894706394067,15.157894736842104,0.8226376958059626,0.1773623041940374,-0.0025334639940410852,0.2882249653339386,-0.008763095363974571,0.30540138483047485,217.17928960777695,1037.299644947052
120,245760,2206,8.952246661804665,4.579776288546649,-8.877599081793791,4.582969890210893,14.929515418502202,0.8322756119673618,0.16772438803263826,0.012230667285621166,0.6582088470458984,-0.011256149969995022,0.6568579077720642,217.38168087728226,1130.5460469722748
130,266240,2439,9.599939194195125,3.370420252336723,-9.520239603303997,3.373926134448325,15.939914163090128,0.8441984419844198,0.15580155801558015,-0.00896042212843895,0.425991952419281,-0.0036544916220009327,0.45122256875038147,217.46053840606862,1224.3140845298767
140,286720,2674,9.61634080018749,3.302276131230268,-9.538191829875428,3.30087621336253,15.629787234042553,0.8541510845175767,0.14584891548242335,0.012807300314307213,0.4788456857204437,-0.0019911369308829308,0.5366063117980957,217.55343689023078,1317.929075717926
150,307200,2908,9.484224573401615,3.630993330997046,-9.409502346611893,3.6336277856022328,14.944444444444445,0.8617606602475929,0.13823933975240715,0.0460401214659214,0.4521785378456116,-0.004464797209948301,0.515438437461853,217.53566798571242,1412.1822082996368
160,327680,3112,9.110509852274987,4.284787284441475,-9.036661826119776,4.285806044293261,14.769607843137255,0.8660025706940874,0.1339974293059126,-1.9980594515800476e-05,0.33219462633132935,-0.009981612674891949,0.3789812922477722,217.86154383038757,1504.0745339393616
170,348160,3316,8.880065442864126,4.648782044232309,-8.796413464268541,4.650932922904107,16.730392156862745,0.8688178528347407,0.13118214716525936,-0.009338232688605785,0.4820573925971985,-0.0050343917682766914,0.6011812090873718,217.9511600456214,1597.422101020813
180,368640,3496,8.364947617695563,5.3952666262574285,-8.284808742674068,5.394084673894073,16.02777777777778,0.869279176201373,0.130720823798627,0.007994195446372032,0.13844972848892212,-0.00836985744535923,0.14795029163360596,218.1009603270414,1690.226395368576
190,389120,3665,6.4989070794118025,6.96584144535757,-6.428966248245392,6.9594987974199345,13.988165680473372,0.8643929058663029,0.13560709413369715,-0.0029151123017072678,0.21471145749092102,-0.008844276890158653,0.2661879062652588,218.55514842526048,1780.4201951026917
200,409600,3807,1.4554737348480045,8.195245600454516,-1.3786427602237483,8.193966685313654,15.366197183098592,0.8492251116364592,0.15077488836354083,-0.011599959805607796,0.1897134780883789,-0.0070180026814341545,0.2488011121749878,219.11508285546978,1869.3373119831085
210,430080,3942,0.21992018697438417,7.978823460682438,-0.14299425498616916,7.9880811642181975,15.385185185185184,0.8333333333333334,0.16666666666666666,-0.0119845662266016,0.24923300743103027,-0.00816489476710558,0.2974672317504883,219.62674277107604,1958.2314729690552
220,450560,4083,0.24325631969568737,7.98564788407375,-0.16063220909935363,7.978865240256842,16.52482269503546,0.8177810433504776,0.18221895664952242,0.02422930672764778,0.13124440610408783,-0.005635804496705532,0.17092666029930115,219.96554563030443,2048.3207890987396
230,471040,4242,3.2127292331267125,8.072311912344956,-3.1399304595565036,8.074148217763089,14.559748427672956,0.8083451202263083,0.19165487977369167,0.02805866114795208,0.28704434633255005,0.007102216128259897,0.3362352252006531,219.92955678464727,2141.7766983509064
240,491520,4395,3.897336826079945,7.974027094691562,-3.8212583960076563,7.978406975126702,15.215686274509803,0.8013651877133106,0.19863481228668942,0.004314047284424305,0.21585820615291595,-0.003380281152203679,0.24114271998405457,219.87951608681158,2235.4060475826263
