reward,A,seed,opponent,wr,wins,episodes,mean_path_len,mean_dist
R4_sparse,0.0,0,anchor_R4_A00,0.1,3,30,39.90887069702149,20.82857475810685
R4_sparse,0.0,0,anchor_R4_A50,0.1666666666666666,5,30,35.397151947021484,19.052581990043663
R4_sparse,0.0,0,anchor_R7_A00,0.0666666666666666,2,30,32.982078552246094,21.859132174094515
R4_sparse,0.0,0,anchor_R7_A50,0.9666666666666668,29,30,24.29206657409668,6.308306739677206
R4_sparse,0.0,0,own,0.8666666666666667,26,30,29.50423049926757,5.831647376917823
R4_sparse,0.0,1,anchor_R4_A00,0.1,3,30,44.54694747924805,14.060314701862216
R4_sparse,0.0,1,anchor_R4_A50,0.0666666666666666,2,30,43.81890487670898,24.21329591619607
R4_sparse,0.0,1,anchor_R7_A00,0.2666666666666666,8,30,33.614864349365234,12.887967965110365
R4_sparse,0.0,1,anchor_R7_A50,0.0,0,30,35.14949417114258,27.60290747070313
R4_sparse,0.0,1,own,0.1666666666666666,5,30,39.04597091674805,21.90988597458869
R4_sparse,0.0,2,anchor_R4_A00,0.1666666666666666,5,30,33.947059631347656,14.85528313617602
R4_sparse,0.0,2,anchor_R4_A50,0.0666666666666666,2,30,39.18009948730469,22.87207326367407
R4_sparse,0.0,2,anchor_R7_A00,0.1,3,30,30.72092628479004,18.55411486132733
R4_sparse,0.0,2,anchor_R7_A50,0.6333333333333333,19,30,26.41215133666992,8.938187043897177
R4_sparse,0.0,2,own,0.5333333333333333,16,30,34.679988861083984,6.5321788339751885
R4_sparse,0.0,3,anchor_R4_A00,0.0333333333333333,1,30,41.77162170410156,21.58196911860448
R4_sparse,0.0,3,anchor_R4_A50,0.1,3,30,39.19137191772461,19.8564617194518
R4_sparse,0.0,3,anchor_R7_A00,0.1666666666666666,5,30,31.59332847595215,19.949093476782807
R4_sparse,0.0,3,anchor_R7_A50,0.9333333333333332,28,30,27.57219886779785,7.4864394421034275
R4_sparse,0.0,3,own,0.4,12,30,44.89876556396485,9.43019457804442
R4_sparse,0.0,4,anchor_R4_A00,0.5666666666666667,17,30,37.399662017822266,8.019223251996141
R4_sparse,0.0,4,anchor_R4_A50,0.1666666666666666,5,30,39.72153854370117,24.13334988196691
R4_sparse,0.0,4,anchor_R7_A00,0.8,24,30,26.74285888671875,7.449201462812326
R4_sparse,0.0,4,anchor_R7_A50,0.0333333333333333,1,30,31.4243278503418,21.811170107160297
R4_sparse,0.0,4,own,0.1,3,30,46.6801986694336,21.882090294610887
R4_sparse,0.5,0,anchor_R4_A00,0.1,3,30,43.04022979736328,16.429555618273483
R4_sparse,0.5,0,anchor_R4_A50,0.1666666666666666,5,30,40.054683685302734,14.063396946195574
R4_sparse,0.5,0,anchor_R7_A00,0.2666666666666666,8,30,28.16654396057129,13.454117091960777
R4_sparse,0.5,0,anchor_R7_A50,0.5,15,30,30.98626708984375,9.983465988108843
R4_sparse,0.5,0,own,0.2,6,30,52.35493469238281,9.915169865528442
R4_sparse,0.5,1,anchor_R4_A00,0.1,3,30,44.58462142944336,14.20688316170464
R4_sparse,0.5,1,anchor_R4_A50,0.1666666666666666,5,30,36.34537124633789,21.8202361042386
R4_sparse,0.5,1,anchor_R7_A00,0.4,12,30,25.7580680847168,11.22309326685086
R4_sparse,0.5,1,anchor_R7_A50,0.0333333333333333,1,30,36.13139724731445,26.97653199307124
R4_sparse,0.5,1,own,0.1666666666666666,5,30,45.04519271850586,14.958801459271069
R4_sparse,0.5,2,anchor_R4_A00,0.1666666666666666,5,30,42.60652160644531,18.10261770854677
R4_sparse,0.5,2,anchor_R4_A50,0.0666666666666666,2,30,41.778202056884766,18.189907851965003
R4_sparse,0.5,2,anchor_R7_A00,0.1666666666666666,5,30,36.05748748779297,19.11242349094333
R4_sparse,0.5,2,anchor_R7_A50,0.0333333333333333,1,30,33.66392135620117,27.329584605216976
R4_sparse,0.5,2,own,0.4,12,30,44.14872360229492,8.245656267194239
R4_sparse,0.5,3,anchor_R4_A00,0.1,3,30,46.463600158691406,18.48770766169265
R4_sparse,0.5,3,anchor_R4_A50,0.2,6,30,38.54007339477539,13.519523572117569
R4_sparse,0.5,3,anchor_R7_A00,0.0666666666666666,2,30,37.7436637878418,20.678232685512967
R4_sparse,0.5,3,anchor_R7_A50,0.4666666666666667,14,30,29.11637115478516,9.766681492655538
R4_sparse,0.5,3,own,0.6,18,30,37.22261428833008,6.716486722363991
R4_sparse,0.5,4,anchor_R4_A00,0.8,24,30,33.193359375,7.0711781552505615
R4_sparse,0.5,4,anchor_R4_A50,0.1333333333333333,4,30,36.95656967163086,17.91349743946393
R4_sparse,0.5,4,anchor_R7_A00,0.5666666666666667,17,30,40.37764739990234,7.906629807665143
R4_sparse,0.5,4,anchor_R7_A50,0.9,27,30,29.44339370727539,9.303499065046683
R4_sparse,0.5,4,own,0.5333333333333333,16,30,38.54597473144531,7.557745832002586
R7_kitchen_sink,0.0,0,anchor_R4_A00,0.2333333333333333,7,30,43.888179779052734,13.578025783306297
R7_kitchen_sink,0.0,0,anchor_R4_A50,1.0,30,30,19.97615432739257,4.718452215364866
R7_kitchen_sink,0.0,0,anchor_R7_A00,0.1666666666666666,5,30,41.39980697631836,14.353723440320405
R7_kitchen_sink,0.0,0,anchor_R7_A50,0.5666666666666667,17,30,32.79636001586914,9.657111493551806
R7_kitchen_sink,0.0,0,own,1.0,30,30,17.942981719970703,5.198434245242441
R7_kitchen_sink,0.0,1,anchor_R4_A00,1.0,30,30,21.28561210632324,4.662437460645473
R7_kitchen_sink,0.0,1,anchor_R4_A50,0.7666666666666667,23,30,33.81097412109375,9.272221331264529
R7_kitchen_sink,0.0,1,anchor_R7_A00,1.0,30,30,20.46206283569336,4.809269557438408
R7_kitchen_sink,0.0,1,anchor_R7_A50,0.4666666666666667,14,30,31.7742862701416,8.522892638461773
R7_kitchen_sink,0.0,1,own,1.0,30,30,17.296876907348633,5.594464738301081
R7_kitchen_sink,0.0,2,anchor_R4_A00,1.0,30,30,28.114953994750977,6.4100406288115535
R7_kitchen_sink,0.0,2,anchor_R4_A50,0.8,24,30,31.84090232849121,7.41274047931795
R7_kitchen_sink,0.0,2,anchor_R7_A00,1.0,30,30,26.936222076416016,7.710735209894735
R7_kitchen_sink,0.0,2,anchor_R7_A50,1.0,30,30,26.545068740844727,8.162771789369659
R7_kitchen_sink,0.0,2,own,1.0,30,30,19.6812801361084,5.25887509825428
R7_kitchen_sink,0.0,3,anchor_R4_A00,0.9333333333333332,28,30,31.47462654113769,5.759584198078541
R7_kitchen_sink,0.0,3,anchor_R4_A50,0.1,3,30,49.434940338134766,8.104730049214812
R7_kitchen_sink,0.0,3,anchor_R7_A00,1.0,30,30,22.01808357238769,5.396277006949066
R7_kitchen_sink,0.0,3,anchor_R7_A50,0.2333333333333333,7,30,34.11351013183594,11.243830854998292
R7_kitchen_sink,0.0,3,own,1.0,30,30,24.74247169494629,4.7814460640985015
R7_kitchen_sink,0.0,4,anchor_R4_A00,0.1333333333333333,4,30,45.60499954223633,13.017684487466456
R7_kitchen_sink,0.0,4,anchor_R4_A50,0.1666666666666666,5,30,45.68828582763672,10.873111584800462
R7_kitchen_sink,0.0,4,anchor_R7_A00,0.4,12,30,34.254878997802734,10.645170359442735
R7_kitchen_sink,0.0,4,anchor_R7_A50,0.1666666666666666,5,30,29.69672203063965,9.298049706136108
R7_kitchen_sink,0.0,4,own,0.2333333333333333,7,30,39.20414733886719,9.787358728749298
R7_kitchen_sink,0.0,5,anchor_R4_A00,0.3333333333333333,10,30,42.99734878540039,9.671537468604283
R7_kitchen_sink,0.0,5,anchor_R4_A50,0.8333333333333334,25,30,30.67589950561523,6.844666226791948
R7_kitchen_sink,0.0,5,anchor_R7_A00,0.3,9,30,39.045166015625,9.060506442357688
R7_kitchen_sink,0.0,5,anchor_R7_A50,0.2,6,30,38.43318939208984,12.816989141537563
R7_kitchen_sink,0.0,5,own,1.0,30,30,22.3728084564209,5.184756361282393
R7_kitchen_sink,0.0,6,anchor_R4_A00,0.9666666666666668,29,30,21.18164253234864,4.090009117855374
R7_kitchen_sink,0.0,6,anchor_R4_A50,0.9,27,30,38.86673355102539,13.09103068712724
R7_kitchen_sink,0.0,6,anchor_R7_A00,1.0,30,30,19.24653434753418,4.651121606184853
R7_kitchen_sink,0.0,6,anchor_R7_A50,1.0,30,30,28.04998588562012,8.460133363727936
R7_kitchen_sink,0.0,6,own,1.0,30,30,23.345991134643555,5.334990666086934
R7_kitchen_sink,0.0,7,anchor_R4_A00,1.0,30,30,28.7665958404541,6.699582572925846
R7_kitchen_sink,0.0,7,anchor_R4_A50,1.0,30,30,18.843441009521484,4.94411005343557
R7_kitchen_sink,0.0,7,anchor_R7_A00,1.0,30,30,25.19243812561035,6.368438012208841
R7_kitchen_sink,0.0,7,anchor_R7_A50,0.7,21,30,26.086225509643555,6.323856849639857
R7_kitchen_sink,0.0,7,own,0.9666666666666668,29,30,20.41232681274414,4.520478333976446
R7_kitchen_sink,0.0,8,anchor_R4_A00,0.2666666666666666,8,30,38.11004257202149,11.326785800395868
R7_kitchen_sink,0.0,8,anchor_R4_A50,1.0,30,30,21.03024673461914,4.734005173880723
R7_kitchen_sink,0.0,8,anchor_R7_A00,0.1,3,30,38.8802490234375,13.203226981639862
R7_kitchen_sink,0.0,8,anchor_R7_A50,1.0,30,30,27.02627944946289,7.231097321171664
R7_kitchen_sink,0.0,8,own,1.0,30,30,19.81270217895508,4.974434363145496
R7_kitchen_sink,0.5,0,anchor_R4_A00,1.0,30,30,30.1964168548584,6.689904154883329
R7_kitchen_sink,0.5,0,anchor_R4_A50,1.0,30,30,16.054319381713867,4.368322392041238
R7_kitchen_sink,0.5,0,anchor_R7_A00,1.0,30,30,22.937902450561523,6.516046743898845
R7_kitchen_sink,0.5,0,anchor_R7_A50,1.0,30,30,25.46206283569336,6.0536595313765975
R7_kitchen_sink,0.5,0,own,1.0,30,30,20.735239028930664,5.103909169152144
R7_kitchen_sink,0.5,1,anchor_R4_A00,0.8,24,30,34.568241119384766,7.205485971108912
R7_kitchen_sink,0.5,1,anchor_R4_A50,0.7666666666666667,23,30,27.77270126342773,7.637490810155742
R7_kitchen_sink,0.5,1,anchor_R7_A00,0.8333333333333334,25,30,35.52431869506836,7.580053696639973
R7_kitchen_sink,0.5,1,anchor_R7_A50,0.8,24,30,29.462337493896484,9.24059549368082
R7_kitchen_sink,0.5,1,own,1.0,30,30,14.60389804840088,4.659724291725792
R7_kitchen_sink,0.5,2,anchor_R4_A00,1.0,30,30,18.50737571716309,4.766342489902391
R7_kitchen_sink,0.5,2,anchor_R4_A50,1.0,30,30,20.649309158325195,5.046751258853033
R7_kitchen_sink,0.5,2,anchor_R7_A00,1.0,30,30,14.637502670288086,4.243198542503963
R7_kitchen_sink,0.5,2,anchor_R7_A50,1.0,30,30,19.71807098388672,5.541186171548976
R7_kitchen_sink,0.5,2,own,1.0,30,30,21.561750411987305,4.890455108165038
R7_kitchen_sink,0.5,3,anchor_R4_A00,1.0,30,30,26.32915496826172,5.520619675607544
R7_kitchen_sink,0.5,3,anchor_R4_A50,0.6333333333333333,19,30,43.90746688842773,5.555929532918941
R7_kitchen_sink,0.5,3,anchor_R7_A00,1.0,30,30,23.687395095825195,6.162732344837599
R7_kitchen_sink,0.5,3,anchor_R7_A50,1.0,30,30,20.295568466186523,6.917769891222303
R7_kitchen_sink,0.5,3,own,1.0,30,30,22.609663009643555,5.481102233205503
R7_kitchen_sink,0.5,4,anchor_R4_A00,0.6333333333333333,19,30,35.57086563110352,7.669535518118375
R7_kitchen_sink,0.5,4,anchor_R4_A50,0.2333333333333333,7,30,42.760215759277344,13.08868159042668
R7_kitchen_sink,0.5,4,anchor_R7_A00,0.9333333333333332,28,30,22.735950469970703,6.211754122253303
R7_kitchen_sink,0.5,4,anchor_R7_A50,0.2333333333333333,7,30,27.2520809173584,10.711040402677323
R7_kitchen_sink,0.5,4,own,0.8666666666666667,26,30,19.813615798950195,5.918248068914106
R7_kitchen_sink,0.5,5,anchor_R4_A00,1.0,30,30,15.745060920715332,4.205804566986504
R7_kitchen_sink,0.5,5,anchor_R4_A50,1.0,30,30,28.779970169067383,6.881603688525299
R7_kitchen_sink,0.5,5,anchor_R7_A00,1.0,30,30,20.0687255859375,5.115587849136589
R7_kitchen_sink,0.5,5,anchor_R7_A50,1.0,30,30,17.172649383544922,4.686072927046399
R7_kitchen_sink,0.5,5,own,1.0,30,30,12.84719467163086,4.511907203905647
R7_kitchen_sink,0.5,6,anchor_R4_A00,0.7666666666666667,23,30,30.983522415161133,5.832498632364578
R7_kitchen_sink,0.5,6,anchor_R4_A50,0.1666666666666666,5,30,42.11627578735352,17.12452127351458
R7_kitchen_sink,0.5,6,anchor_R7_A00,1.0,30,30,22.421875,5.71183771658636
R7_kitchen_sink,0.5,6,anchor_R7_A50,0.3,9,30,37.7454719543457,12.5444030857963
R7_kitchen_sink,0.5,6,own,0.8333333333333334,25,30,27.991334915161133,7.511209837056325
R7_kitchen_sink,0.5,7,anchor_R4_A00,0.9,27,30,32.101226806640625,6.927346982506596
R7_kitchen_sink,0.5,7,anchor_R4_A50,1.0,30,30,24.899452209472656,5.715617463400196
R7_kitchen_sink,0.5,7,anchor_R7_A00,1.0,30,30,22.10582733154297,6.235559507612225
R7_kitchen_sink,0.5,7,anchor_R7_A50,1.0,30,30,28.79231071472168,7.80701800954922
R7_kitchen_sink,0.5,7,own,1.0,30,30,17.12856101989746,5.036256698308935
R7_kitchen_sink,0.5,8,anchor_R4_A00,0.8666666666666667,26,30,30.683698654174805,5.788220321397287
R7_kitchen_sink,0.5,8,anchor_R4_A50,0.1,3,30,48.66706085205078,20.64657454096829
R7_kitchen_sink,0.5,8,anchor_R7_A00,0.9666666666666668,29,30,22.11320686340332,5.320962989704755
R7_kitchen_sink,0.5,8,anchor_R7_A50,0.0666666666666666,2,30,37.44342422485352,15.077774877230326
R7_kitchen_sink,0.5,8,own,0.0666666666666666,2,30,55.20398712158203,17.62237321281433
R7_kitchen_sink,0.05,0,anchor_R4_A00,0.9666666666666668,29,30,28.55758285522461,7.236383868971013
R7_kitchen_sink,0.05,0,anchor_R4_A50,1.0,30,30,16.64996910095215,4.32623314965265
R7_kitchen_sink,0.05,0,anchor_R7_A00,0.9,27,30,26.636484146118164,8.194810110490751
R7_kitchen_sink,0.05,0,anchor_R7_A50,1.0,30,30,26.83837509155273,7.359078728185489
R7_kitchen_sink,0.05,0,own,1.0,30,30,16.222185134887695,4.082747129002475
R7_kitchen_sink,0.05,1,anchor_R4_A00,0.7666666666666667,23,30,32.15977478027344,8.43886609889744
R7_kitchen_sink,0.05,1,anchor_R4_A50,1.0,30,30,15.082892417907717,4.073919226719373
R7_kitchen_sink,0.05,1,anchor_R7_A00,0.5666666666666667,17,30,36.08560562133789,10.392617112610637
R7_kitchen_sink,0.05,1,anchor_R7_A50,0.9333333333333332,28,30,24.248315811157227,7.447468364629013
R7_kitchen_sink,0.05,1,own,1.0,30,30,17.566579818725586,5.008966567502761
R7_kitchen_sink,0.05,2,anchor_R4_A00,0.1,3,30,45.24909591674805,19.560804800669352
R7_kitchen_sink,0.05,2,anchor_R4_A50,0.5333333333333333,16,30,32.33095932006836,7.547867572710909
R7_kitchen_sink,0.05,2,anchor_R7_A00,0.2,6,30,30.543113708496097,17.53448959120998
R7_kitchen_sink,0.05,2,anchor_R7_A50,0.0666666666666666,2,30,39.19098281860352,24.20180984751384
R7_kitchen_sink,0.05,2,own,0.2,6,30,41.00658798217773,17.349355083209495
R7_kitchen_sink,0.05,3,anchor_R4_A00,0.1666666666666666,5,30,41.54997253417969,16.8968097332931
R7_kitchen_sink,0.05,3,anchor_R4_A50,0.3,9,30,36.91731262207031,8.443333558463856
R7_kitchen_sink,0.05,3,anchor_R7_A00,0.0666666666666666,2,30,38.50523376464844,16.797372258895482
R7_kitchen_sink,0.05,3,anchor_R7_A50,0.0333333333333333,1,30,28.05039405822754,25.053207860628767
R7_kitchen_sink,0.05,3,own,0.9666666666666668,29,30,19.43967628479004,5.7985355411683805
R7_kitchen_sink,0.05,4,anchor_R4_A00,0.3666666666666666,11,30,36.99361801147461,11.290595665149086
R7_kitchen_sink,0.05,4,anchor_R4_A50,1.0,30,30,20.67219352722168,4.683529959353987
R7_kitchen_sink,0.05,4,anchor_R7_A00,0.3333333333333333,10,30,39.92457580566406,10.550572225584114
R7_kitchen_sink,0.05,4,anchor_R7_A50,0.5,15,30,33.61962127685547,10.701575787896314
R7_kitchen_sink,0.05,4,own,1.0,30,30,16.887523651123047,4.8847084519146815
R7_kitchen_sink,0.05,5,anchor_R4_A00,0.9333333333333332,28,30,25.659582138061523,5.224067642597015
R7_kitchen_sink,0.05,5,anchor_R4_A50,0.4333333333333333,13,30,30.69352912902832,10.013942448767995
R7_kitchen_sink,0.05,5,anchor_R7_A00,1.0,30,30,16.96609115600586,4.409772244616199
R7_kitchen_sink,0.05,5,anchor_R7_A50,0.2666666666666666,8,30,34.86064147949219,10.68033150274983
R7_kitchen_sink,0.05,5,own,1.0,30,30,18.0981502532959,4.516888462287257
R7_kitchen_sink,0.05,6,anchor_R4_A00,0.3666666666666666,11,30,41.33132553100586,9.35557268260592
R7_kitchen_sink,0.05,6,anchor_R4_A50,1.0,30,30,22.37630081176757,4.708883242178681
R7_kitchen_sink,0.05,6,anchor_R7_A00,0.2,6,30,38.30918884277344,10.758084332495024
R7_kitchen_sink,0.05,6,anchor_R7_A50,0.2666666666666666,8,30,34.68529510498047,10.431037247228875
R7_kitchen_sink,0.05,6,own,1.0,30,30,22.79377555847168,5.55889972682201
R7_kitchen_sink,0.05,7,anchor_R4_A00,1.0,30,30,24.93305397033692,6.634025787069194
R7_kitchen_sink,0.05,7,anchor_R4_A50,1.0,30,30,29.845867156982425,7.780981296705192
R7_kitchen_sink,0.05,7,anchor_R7_A00,1.0,30,30,24.01224708557129,6.8509673800251125
R7_kitchen_sink,0.05,7,anchor_R7_A50,1.0,30,30,19.790712356567383,4.845352436678106
R7_kitchen_sink,0.05,7,own,1.0,30,30,22.639986038208008,5.73521906202762
R7_kitchen_sink,0.05,8,anchor_R4_A00,0.0666666666666666,2,30,47.30550003051758,22.560895511282816
R7_kitchen_sink,0.05,8,anchor_R4_A50,1.0,30,30,25.13894462585449,5.085661505903302
R7_kitchen_sink,0.05,8,anchor_R7_A00,0.1333333333333333,4,30,34.91051483154297,21.52314708294692
R7_kitchen_sink,0.05,8,anchor_R7_A50,0.0666666666666666,2,30,38.52374649047852,23.62831561024984
R7_kitchen_sink,0.05,8,own,1.0,30,30,26.26541519165039,6.081919359544695
R7_kitchen_sink,0.05,9,anchor_R4_A00,0.1,3,30,47.16053771972656,7.960110454382719
R7_kitchen_sink,0.05,9,anchor_R4_A50,0.1,3,30,43.5794563293457,15.962444467600656
R7_kitchen_sink,0.05,9,anchor_R7_A00,0.1666666666666666,5,30,30.81595230102539,6.751334669832323
R7_kitchen_sink,0.05,9,anchor_R7_A50,0.1666666666666666,5,30,33.95979309082031,10.818486204105712
R7_kitchen_sink,0.05,9,own,0.2,6,30,42.84968566894531,6.991995877912472
R7_kitchen_sink,0.1,0,anchor_R4_A00,0.8333333333333334,25,30,37.43256759643555,7.846469751432751
R7_kitchen_sink,0.1,0,anchor_R4_A50,0.9666666666666668,29,30,26.02463722229004,6.908120366752724
R7_kitchen_sink,0.1,0,anchor_R7_A00,0.8666666666666667,26,30,30.73573875427246,8.062248024480308
R7_kitchen_sink,0.1,0,anchor_R7_A50,1.0,30,30,17.903169631958008,4.631077003006987
R7_kitchen_sink,0.1,0,own,1.0,30,30,19.45928955078125,5.460088490583528
R7_kitchen_sink,0.1,1,anchor_R4_A00,0.0666666666666666,2,30,44.98115539550781,22.63551318854301
R7_kitchen_sink,0.1,1,anchor_R4_A50,1.0,30,30,20.46264839172364,4.525722512238965
R7_kitchen_sink,0.1,1,anchor_R7_A00,0.1333333333333333,4,30,39.16770935058594,20.57830328996093
R7_kitchen_sink,0.1,1,anchor_R7_A50,0.3666666666666666,11,30,39.04338073730469,12.346612976279674
R7_kitchen_sink,0.1,1,own,1.0,30,30,18.81109046936035,4.993522693409429
R7_kitchen_sink,0.1,2,anchor_R4_A00,0.2333333333333333,7,30,40.444313049316406,13.579767776274876
R7_kitchen_sink,0.1,2,anchor_R4_A50,1.0,30,30,16.633710861206055,3.9628302608149335
R7_kitchen_sink,0.1,2,anchor_R7_A00,0.3,9,30,31.73641586303711,11.587803562332663
R7_kitchen_sink,0.1,2,anchor_R7_A50,0.9,27,30,30.95075798034668,8.754536235500884
R7_kitchen_sink,0.1,2,own,1.0,30,30,18.990053176879883,4.873821452495864
R7_kitchen_sink,0.1,3,anchor_R4_A00,0.4333333333333333,13,30,38.64581680297852,9.539749352566323
R7_kitchen_sink,0.1,3,anchor_R4_A50,0.9666666666666668,29,30,19.43965530395508,3.947504055023559
R7_kitchen_sink,0.1,3,anchor_R7_A00,0.5,15,30,27.040502548217773,9.594744025717858
R7_kitchen_sink,0.1,3,anchor_R7_A50,0.8333333333333334,25,30,31.8707218170166,7.235234890837138
R7_kitchen_sink,0.1,3,own,0.9666666666666668,29,30,31.519834518432617,7.316179593661713
R7_kitchen_sink,0.1,4,anchor_R4_A00,0.0666666666666666,2,30,41.54375457763672,22.85392360003789
R7_kitchen_sink,0.1,4,anchor_R4_A50,1.0,30,30,18.85116195678711,4.536430965818851
R7_kitchen_sink,0.1,4,anchor_R7_A00,0.0666666666666666,2,30,39.92270278930664,22.80211043548584
R7_kitchen_sink,0.1,4,anchor_R7_A50,0.9333333333333332,28,30,28.930614471435547,9.332998829493192
R7_kitchen_sink,0.1,4,own,1.0,30,30,20.49773979187012,4.946626171076437
R7_kitchen_sink,0.1,5,anchor_R4_A00,1.0,30,30,21.57985496520996,5.037627465549187
R7_kitchen_sink,0.1,5,anchor_R4_A50,1.0,30,30,25.56930160522461,6.465732752220544
R7_kitchen_sink,0.1,5,anchor_R7_A00,1.0,30,30,18.237443923950195,4.5256675187584365
R7_kitchen_sink,0.1,5,anchor_R7_A50,0.9666666666666668,29,30,25.021034240722656,6.663365838011898
R7_kitchen_sink,0.1,5,own,0.9333333333333332,28,30,20.300207138061523,4.749247063575305
R7_kitchen_sink,0.1,6,anchor_R4_A00,0.9333333333333332,28,30,25.12126541137696,5.0924425479970585
R7_kitchen_sink,0.1,6,anchor_R4_A50,0.2333333333333333,7,30,40.09742736816406,12.261934637815523
R7_kitchen_sink,0.1,6,anchor_R7_A00,1.0,30,30,19.879150390625,5.354667061296089
R7_kitchen_sink,0.1,6,anchor_R7_A50,0.4,12,30,39.520774841308594,9.956665298703196
R7_kitchen_sink,0.1,6,own,1.0,30,30,23.042274475097656,5.453482929055312
R7_kitchen_sink,0.1,7,anchor_R4_A00,0.3,9,30,39.71950149536133,9.817426262166066
R7_kitchen_sink,0.1,7,anchor_R4_A50,0.8666666666666667,26,30,30.20784568786621,7.207774329580359
R7_kitchen_sink,0.1,7,anchor_R7_A00,0.2,6,30,36.4506950378418,11.479648207633655
R7_kitchen_sink,0.1,7,anchor_R7_A50,0.1333333333333333,4,30,39.750953674316406,16.00789513795996
R7_kitchen_sink,0.1,7,own,1.0,30,30,16.68427848815918,4.488750424911705
R7_kitchen_sink,0.1,8,anchor_R4_A00,1.0,30,30,17.25455665588379,4.502331402774486
R7_kitchen_sink,0.1,8,anchor_R4_A50,0.8333333333333334,25,30,37.4654541015625,9.95786221355886
R7_kitchen_sink,0.1,8,anchor_R7_A00,1.0,30,30,18.76338005065918,4.385639475235503
R7_kitchen_sink,0.1,8,anchor_R7_A50,0.9333333333333332,28,30,21.321901321411133,6.820725120504646
R7_kitchen_sink,0.1,8,own,1.0,30,30,19.09544944763184,5.027457643107031
R7_kitchen_sink,0.1,9,anchor_R4_A00,0.9666666666666668,29,30,28.00448036193848,7.083145304618822
R7_kitchen_sink,0.1,9,anchor_R4_A50,0.2666666666666666,8,30,37.511962890625,12.03766400037035
R7_kitchen_sink,0.1,9,anchor_R7_A00,1.0,30,30,19.910818099975582,5.354890040491845
R7_kitchen_sink,0.1,9,anchor_R7_A50,0.3333333333333333,10,30,32.075870513916016,8.495581692405151
R7_kitchen_sink,0.1,9,own,1.0,30,30,17.26248550415039,4.26549525966562
R7_kitchen_sink,0.25,0,anchor_R4_A00,1.0,30,30,17.50814437866211,5.442499002356491
R7_kitchen_sink,0.25,0,anchor_R4_A50,0.9666666666666668,29,30,29.252174377441406,6.029390161924779
R7_kitchen_sink,0.25,0,anchor_R7_A00,1.0,30,30,23.759008407592773,7.07903393731552
R7_kitchen_sink,0.25,0,anchor_R7_A50,1.0,30,30,16.064599990844727,4.486636777653573
R7_kitchen_sink,0.25,0,own,1.0,30,30,18.138811111450195,4.705927434791941
R7_kitchen_sink,0.25,1,anchor_R4_A00,1.0,30,30,22.74100112915039,4.375792242811843
R7_kitchen_sink,0.25,1,anchor_R4_A50,1.0,30,30,26.07892799377441,7.708652317202908
R7_kitchen_sink,0.25,1,anchor_R7_A00,1.0,30,30,12.655928611755373,3.942042748864431
R7_kitchen_sink,0.25,1,anchor_R7_A50,1.0,30,30,26.609468460083008,6.456299870736971
R7_kitchen_sink,0.25,1,own,1.0,30,30,16.25631332397461,4.763601519491829
R7_kitchen_sink,0.25,2,anchor_R4_A00,0.3,9,30,46.35898208618164,9.931590681358616
R7_kitchen_sink,0.25,2,anchor_R4_A50,0.1333333333333333,4,30,37.24800109863281,7.138567990802583
R7_kitchen_sink,0.25,2,anchor_R7_A00,0.2666666666666666,8,30,29.92542839050293,9.787134838591522
R7_kitchen_sink,0.25,2,anchor_R7_A50,1.0,30,30,20.26496696472168,4.580285116151102
R7_kitchen_sink,0.25,2,own,1.0,30,30,17.443883895874023,4.271353734951168
R7_kitchen_sink,0.25,3,anchor_R4_A00,0.2,6,30,43.517574310302734,14.233892767312256
R7_kitchen_sink,0.25,3,anchor_R4_A50,1.0,30,30,20.29099464416504,4.472951636934543
R7_kitchen_sink,0.25,3,anchor_R7_A00,0.1666666666666666,5,30,38.712501525878906,15.035324554020614
R7_kitchen_sink,0.25,3,anchor_R7_A50,1.0,30,30,21.85717010498047,7.235726420263557
R7_kitchen_sink,0.25,3,own,1.0,30,30,17.90436553955078,4.844266693107153
R7_kitchen_sink,0.25,4,anchor_R4_A00,0.8666666666666667,26,30,28.73987579345703,5.689713298016211
R7_kitchen_sink,0.25,4,anchor_R4_A50,1.0,30,30,21.86983299255371,5.5750666767119945
R7_kitchen_sink,0.25,4,anchor_R7_A00,0.9333333333333332,28,30,26.20081901550293,7.007045777523275
R7_kitchen_sink,0.25,4,anchor_R7_A50,1.0,30,30,25.189023971557617,8.184241824016928
R7_kitchen_sink,0.25,4,own,1.0,30,30,17.725645065307617,4.365806458850239
R7_kitchen_sink,0.25,5,anchor_R4_A00,0.9666666666666668,29,30,26.60874366760254,8.483191627383809
R7_kitchen_sink,0.25,5,anchor_R4_A50,1.0,30,30,24.63779640197754,6.053385868974694
R7_kitchen_sink,0.25,5,anchor_R7_A00,0.9666666666666668,29,30,23.21006965637207,8.924257010121245
R7_kitchen_sink,0.25,5,anchor_R7_A50,1.0,30,30,18.306623458862305,4.830182206292694
R7_kitchen_sink,0.25,5,own,1.0,30,30,16.295589447021484,4.457179383641257
R7_kitchen_sink,0.25,6,anchor_R4_A00,0.1333333333333333,4,30,45.96746444702149,12.334089515509428
R7_kitchen_sink,0.25,6,anchor_R4_A50,0.9666666666666668,29,30,23.330713272094727,4.6229037075768975
R7_kitchen_sink,0.25,6,anchor_R7_A00,0.1,3,30,39.41612243652344,12.915908440766508
R7_kitchen_sink,0.25,6,anchor_R7_A50,0.1,3,30,35.4932746887207,11.568734219868976
R7_kitchen_sink,0.25,6,own,1.0,30,30,17.17197036743164,4.363691853885138
R7_kitchen_sink,0.25,7,anchor_R4_A00,0.9333333333333332,28,30,31.777019500732425,7.189873001505161
R7_kitchen_sink,0.25,7,anchor_R4_A50,1.0,30,30,19.03205299377441,4.338845967514191
R7_kitchen_sink,0.25,7,anchor_R7_A00,1.0,30,30,27.338897705078125,7.345986568052171
R7_kitchen_sink,0.25,7,anchor_R7_A50,1.0,30,30,19.20907211303711,5.118962250072343
R7_kitchen_sink,0.25,7,own,1.0,30,30,15.023330688476562,3.900200907149285
R7_kitchen_sink,0.25,8,anchor_R4_A00,0.1333333333333333,4,30,49.33538055419922,17.8329622304326
R7_kitchen_sink,0.25,8,anchor_R4_A50,1.0,30,30,25.429229736328125,5.374947601318018
R7_kitchen_sink,0.25,8,anchor_R7_A00,0.1666666666666666,5,30,44.787899017333984,16.9556780771239
R7_kitchen_sink,0.25,8,anchor_R7_A50,0.1333333333333333,4,30,34.95643615722656,13.701094061919624
R7_kitchen_sink,0.25,8,own,1.0,30,30,21.21361351013184,5.1773374944356005
R7_kitchen_sink,0.25,9,anchor_R4_A00,0.9333333333333332,28,30,33.233177185058594,11.032592661837878
R7_kitchen_sink,0.25,9,anchor_R4_A50,1.0,30,30,27.503374099731445,5.3894476258286
R7_kitchen_sink,0.25,9,anchor_R7_A00,0.6333333333333333,19,30,34.929813385009766,12.551884093037522
R7_kitchen_sink,0.25,9,anchor_R7_A50,1.0,30,30,22.86842155456543,8.392734171712583
R7_kitchen_sink,0.25,9,own,0.9666666666666668,29,30,22.259510040283203,5.216180402196376
R7_no_coverage,0.0,0,anchor_R4_A00,1.0,30,30,26.61107444763184,5.785762292604607
R7_no_coverage,0.0,0,anchor_R4_A50,0.3,9,30,38.61759567260742,8.220497959895566
R7_no_coverage,0.0,0,anchor_R7_A00,1.0,30,30,18.25126266479492,4.761857332832341
R7_no_coverage,0.0,0,anchor_R7_A50,0.1666666666666666,5,30,39.323875427246094,6.569311758682749
R7_no_coverage,0.0,0,own,1.0,30,30,21.357318878173828,5.363000198039626
R7_no_coverage,0.0,1,anchor_R4_A00,0.9666666666666668,29,30,23.39998435974121,4.480638516547673
R7_no_coverage,0.0,1,anchor_R4_A50,0.8666666666666667,26,30,33.24555587768555,6.8955364099381
R7_no_coverage,0.0,1,anchor_R7_A00,1.0,30,30,25.896541595458984,6.12400318122387
R7_no_coverage,0.0,1,anchor_R7_A50,1.0,30,30,24.899656295776367,6.113002856343898
R7_no_coverage,0.0,1,own,1.0,30,30,20.641014099121097,5.029799292222862
R7_no_coverage,0.0,2,anchor_R4_A00,1.0,30,30,16.492673873901367,4.531600594759194
R7_no_coverage,0.0,2,anchor_R4_A50,1.0,30,30,23.172191619873047,6.310888621130224
R7_no_coverage,0.0,2,anchor_R7_A00,1.0,30,30,16.88943099975586,4.920247815743499
R7_no_coverage,0.0,2,anchor_R7_A50,1.0,30,30,23.742206573486328,8.055352891388269
R7_no_coverage,0.0,2,own,1.0,30,30,15.993107795715332,4.66501371508812
R7_no_coverage,0.0,3,anchor_R4_A00,0.8,24,30,37.36455535888672,9.492785932248362
R7_no_coverage,0.0,3,anchor_R4_A50,1.0,30,30,14.185835838317873,3.72654378433304
R7_no_coverage,0.0,3,anchor_R7_A00,0.8333333333333334,25,30,29.85883140563965,8.823541929138743
R7_no_coverage,0.0,3,anchor_R7_A50,1.0,30,30,21.29879379272461,6.908619307316889
R7_no_coverage,0.0,3,own,1.0,30,30,17.83111572265625,5.024743098380885
R7_no_coverage,0.0,4,anchor_R4_A00,1.0,30,30,32.85053634643555,8.392805567250013
R7_no_coverage,0.0,4,anchor_R4_A50,0.2333333333333333,7,30,37.16157150268555,9.427056224585376
R7_no_coverage,0.0,4,anchor_R7_A00,1.0,30,30,24.044403076171875,8.05839824050703
R7_no_coverage,0.0,4,anchor_R7_A50,1.0,30,30,19.56012535095215,4.774356292453269
R7_no_coverage,0.0,4,own,1.0,30,30,19.56982040405273,4.766728921310705
R7_no_coverage,0.0,5,anchor_R4_A00,0.2333333333333333,7,30,40.079811096191406,13.641609880314936
R7_no_coverage,0.0,5,anchor_R4_A50,1.0,30,30,13.822935104370115,3.753694404438604
R7_no_coverage,0.0,5,anchor_R7_A00,0.2666666666666666,8,30,28.21817779541016,12.699342808503957
R7_no_coverage,0.0,5,anchor_R7_A50,0.7333333333333333,22,30,32.925376892089844,9.046707319000015
R7_no_coverage,0.0,5,own,1.0,30,30,20.264476776123047,5.195297558166457
R7_no_coverage,0.0,6,anchor_R4_A00,0.9666666666666668,29,30,34.94083786010742,9.125338369530844
R7_no_coverage,0.0,6,anchor_R4_A50,0.9333333333333332,28,30,31.931903839111328,7.103636917880451
R7_no_coverage,0.0,6,anchor_R7_A00,0.9666666666666668,29,30,25.198484420776367,7.8877586233889
R7_no_coverage,0.0,6,anchor_R7_A50,0.0666666666666666,2,30,38.546573638916016,18.138725009123483
R7_no_coverage,0.0,6,own,0.9666666666666668,29,30,20.01671600341797,5.5762964840382825
R7_no_coverage,0.0,7,anchor_R4_A00,0.9666666666666668,29,30,23.47236061096192,4.77795471300755
R7_no_coverage,0.0,7,anchor_R4_A50,0.6666666666666666,20,30,38.00096130371094,6.2106429714629465
R7_no_coverage,0.0,7,anchor_R7_A00,1.0,30,30,20.13994598388672,4.838184585798851
R7_no_coverage,0.0,7,anchor_R7_A50,0.9333333333333332,28,30,28.40291213989257,5.828134313879632
R7_no_coverage,0.0,7,own,0.8666666666666667,26,30,23.315290451049805,5.519009921793341
R7_no_coverage,0.0,8,anchor_R4_A00,1.0,30,30,18.53579330444336,5.180585468124629
R7_no_coverage,0.0,8,anchor_R4_A50,1.0,30,30,31.39280891418457,7.471178853397082
R7_no_coverage,0.0,8,anchor_R7_A00,1.0,30,30,17.87537384033203,4.608120972275992
R7_no_coverage,0.0,8,anchor_R7_A50,1.0,30,30,23.55402374267578,8.012375716913056
R7_no_coverage,0.0,8,own,0.9666666666666668,29,30,23.67898368835449,5.715867297980924
R7_no_coverage,0.0,9,anchor_R4_A00,0.9,27,30,22.281238555908203,5.314356672726362
R7_no_coverage,0.0,9,anchor_R4_A50,0.1,3,30,50.93393707275391,21.909143417332707
R7_no_coverage,0.0,9,anchor_R7_A00,1.0,30,30,22.23787498474121,5.518826345970891
R7_no_coverage,0.0,9,anchor_R7_A50,1.0,30,30,26.119096755981445,8.17395319411831
R7_no_coverage,0.0,9,own,1.0,30,30,16.52513885498047,5.266458093666438
R7_no_coverage,0.5,0,anchor_R4_A00,0.7333333333333333,22,30,42.74970245361328,8.809620405231835
R7_no_coverage,0.5,0,anchor_R4_A50,1.0,30,30,15.277138710021973,4.154633466222254
R7_no_coverage,0.5,0,anchor_R7_A00,0.5333333333333333,16,30,35.3452033996582,9.348473322405876
R7_no_coverage,0.5,0,anchor_R7_A50,1.0,30,30,21.69802665710449,6.067435315296069
R7_no_coverage,0.5,0,own,1.0,30,30,14.474802017211914,4.42758856917778
R7_no_coverage,0.5,1,anchor_R4_A00,0.8666666666666667,26,30,41.15293502807617,7.402887875395667
R7_no_coverage,0.5,1,anchor_R4_A50,1.0,30,30,16.47092056274414,3.982463352901779
R7_no_coverage,0.5,1,anchor_R7_A00,0.8666666666666667,26,30,30.583065032958984,6.806706049106162
R7_no_coverage,0.5,1,anchor_R7_A50,1.0,30,30,29.606130599975582,7.671478254681604
R7_no_coverage,0.5,1,own,1.0,30,30,19.339399337768555,5.059428541085255
R7_no_coverage,0.5,2,anchor_R4_A00,1.0,30,30,21.26678466796875,5.667004039514011
R7_no_coverage,0.5,2,anchor_R4_A50,1.0,30,30,19.19525718688965,4.875306290092848
R7_no_coverage,0.5,2,anchor_R7_A00,1.0,30,30,23.03353881835937,6.149792526701519
R7_no_coverage,0.5,2,anchor_R7_A50,1.0,30,30,16.364971160888672,4.810243882127878
R7_no_coverage,0.5,2,own,1.0,30,30,19.06196022033692,4.378493982413088
R7_no_coverage,0.5,3,anchor_R4_A00,1.0,30,30,23.230802536010746,5.050815238931565
R7_no_coverage,0.5,3,anchor_R4_A50,0.8666666666666667,26,30,33.66127014160156,8.831358487457873
R7_no_coverage,0.5,3,anchor_R7_A00,1.0,30,30,19.67856788635254,4.85093274216203
R7_no_coverage,0.5,3,anchor_R7_A50,0.9333333333333332,28,30,30.28188705444336,8.834857828735041
R7_no_coverage,0.5,3,own,1.0,30,30,14.72796630859375,4.2595404341956415
R7_no_coverage,0.5,4,anchor_R4_A00,1.0,30,30,26.766237258911133,7.623446804546858
R7_no_coverage,0.5,4,anchor_R4_A50,0.9666666666666668,29,30,29.925329208374023,6.338635994569997
R7_no_coverage,0.5,4,anchor_R7_A00,1.0,30,30,25.4109001159668,7.314117580359383
R7_no_coverage,0.5,4,anchor_R7_A50,0.9666666666666668,29,30,29.232728958129883,8.024013472338863
R7_no_coverage,0.5,4,own,1.0,30,30,25.35729598999023,6.2300866663694086
R7_no_cov_urg,0.0,0,anchor_R4_A00,0.9333333333333332,28,30,21.501548767089844,3.883095210421772
R7_no_cov_urg,0.0,0,anchor_R4_A50,0.1333333333333333,4,30,47.30621719360352,8.584703715712935
R7_no_cov_urg,0.0,0,anchor_R7_A00,1.0,30,30,19.978496551513672,4.591215556592611
R7_no_cov_urg,0.0,0,anchor_R7_A50,0.5666666666666667,17,30,39.1859016418457,7.261773274588552
R7_no_cov_urg,0.0,0,own,1.0,30,30,18.959943771362305,4.209241005465172
R7_no_cov_urg,0.0,1,anchor_R4_A00,0.8666666666666667,26,30,41.42973709106445,11.064260934092005
R7_no_cov_urg,0.0,1,anchor_R4_A50,0.9666666666666668,29,30,24.58275604248047,5.055593405978687
R7_no_cov_urg,0.0,1,anchor_R7_A00,0.7333333333333333,22,30,36.572265625,11.0248965666007
R7_no_cov_urg,0.0,1,anchor_R7_A50,0.6333333333333333,19,30,37.15841293334961,6.615998378751234
R7_no_cov_urg,0.0,1,own,1.0,30,30,25.61505126953125,5.147390605291149
R7_no_cov_urg,0.0,2,anchor_R4_A00,0.2666666666666666,8,30,37.85664749145508,13.88280343716314
R7_no_cov_urg,0.0,2,anchor_R4_A50,0.9666666666666668,29,30,25.97169685363769,7.419412450378537
R7_no_cov_urg,0.0,2,anchor_R7_A00,0.1,3,30,28.42304229736328,16.165232571394988
R7_no_cov_urg,0.0,2,anchor_R7_A50,1.0,30,30,25.315166473388672,5.840273152695189
R7_no_cov_urg,0.0,2,own,0.1333333333333333,4,30,54.93118667602539,17.521395978576304
R7_no_cov_urg,0.0,3,anchor_R4_A00,1.0,30,30,21.77906990051269,4.961678650832078
R7_no_cov_urg,0.0,3,anchor_R4_A50,0.2333333333333333,7,30,42.13787460327149,12.529368067215348
R7_no_cov_urg,0.0,3,anchor_R7_A00,1.0,30,30,15.072858810424805,4.439580355825156
R7_no_cov_urg,0.0,3,anchor_R7_A50,0.8666666666666667,26,30,26.81504249572754,8.107191677098339
R7_no_cov_urg,0.0,3,own,1.0,30,30,17.221351623535156,4.725782297595469
R7_no_cov_urg,0.0,4,anchor_R4_A00,0.7,21,30,42.46674346923828,9.418395276612774
R7_no_cov_urg,0.0,4,anchor_R4_A50,0.1666666666666666,5,30,47.214969635009766,6.083045214196555
R7_no_cov_urg,0.0,4,anchor_R7_A00,0.6666666666666666,20,30,32.30704879760742,10.239791457808396
R7_no_cov_urg,0.0,4,anchor_R7_A50,0.2333333333333333,7,30,38.79743957519531,5.098314754864872
R7_no_cov_urg,0.0,4,own,0.8,24,30,28.887147903442383,7.750652942716546
R7_no_cov_urg,0.0,5,anchor_R4_A00,0.9333333333333332,28,30,23.43721580505371,4.548662601883527
R7_no_cov_urg,0.0,5,anchor_R4_A50,1.0,30,30,25.95824813842773,5.040321055385578
R7_no_cov_urg,0.0,5,anchor_R7_A00,0.8666666666666667,26,30,21.202455520629883,4.896951424491734
R7_no_cov_urg,0.0,5,anchor_R7_A50,0.9666666666666668,29,30,29.30188369750977,6.899382702269081
R7_no_cov_urg,0.0,5,own,1.0,30,30,18.5001220703125,4.033942497362192
R7_no_cov_urg,0.0,6,anchor_R4_A00,0.5333333333333333,16,30,43.94267272949219,10.408434346879345
R7_no_cov_urg,0.0,6,anchor_R4_A50,0.9333333333333332,28,30,28.08258819580078,4.797040658170269
R7_no_cov_urg,0.0,6,anchor_R7_A00,0.5666666666666667,17,30,42.41788864135742,10.745676637545222
R7_no_cov_urg,0.0,6,anchor_R7_A50,1.0,30,30,30.86184883117676,8.684315650652184
R7_no_cov_urg,0.0,6,own,0.9666666666666668,29,30,31.375776290893555,8.237286033655003
R7_no_cov_urg,0.0,7,anchor_R4_A00,0.1666666666666666,5,30,45.42023468017578,15.30634061491426
R7_no_cov_urg,0.0,7,anchor_R4_A50,1.0,30,30,18.851655960083008,4.179003621192269
R7_no_cov_urg,0.0,7,anchor_R7_A00,0.1333333333333333,4,30,42.93759536743164,15.517614773795716
R7_no_cov_urg,0.0,7,anchor_R7_A50,1.0,30,30,23.77399253845215,7.222564242970909
R7_no_cov_urg,0.0,7,own,1.0,30,30,25.082040786743164,6.087160089013222
R7_no_cov_urg,0.0,8,anchor_R4_A00,0.1,3,30,53.13209533691406,14.067422807383954
R7_no_cov_urg,0.0,8,anchor_R4_A50,1.0,30,30,22.235307693481445,4.770179870178883
R7_no_cov_urg,0.0,8,anchor_R7_A00,0.1333333333333333,4,30,48.65791320800781,13.810183821299129
R7_no_cov_urg,0.0,8,anchor_R7_A50,1.0,30,30,24.230085372924805,7.999688690464139
R7_no_cov_urg,0.0,8,own,1.0,30,30,17.09761619567871,5.05725978825937
R7_no_cov_urg,0.0,9,anchor_R4_A00,0.9666666666666668,29,30,21.34797477722168,4.487718228221255
R7_no_cov_urg,0.0,9,anchor_R4_A50,0.3666666666666666,11,30,38.1141357421875,10.786660834867211
R7_no_cov_urg,0.0,9,anchor_R7_A00,1.0,30,30,20.284198760986328,4.777844460399873
R7_no_cov_urg,0.0,9,anchor_R7_A50,1.0,30,30,24.897554397583008,7.434728147269049
R7_no_cov_urg,0.0,9,own,1.0,30,30,23.058368682861328,4.902170434433899
R7_no_urgency,0.0,0,anchor_R4_A00,0.9333333333333332,28,30,25.026988983154297,5.16018338104488
R7_no_urgency,0.0,0,anchor_R4_A50,1.0,30,30,31.48681640625,9.466425151640436
R7_no_urgency,0.0,0,anchor_R7_A00,1.0,30,30,18.51424217224121,4.841610287679605
R7_no_urgency,0.0,0,anchor_R7_A50,0.0,0,30,41.28369140625,12.970925557454429
R7_no_urgency,0.0,0,own,1.0,30,30,21.090232849121097,5.026893696419888
R7_no_urgency,0.0,1,anchor_R4_A00,1.0,30,30,22.87969207763672,6.377301495473353
R7_no_urgency,0.0,1,anchor_R4_A50,1.0,30,30,12.936015129089355,4.217893513522246
R7_no_urgency,0.0,1,anchor_R7_A00,0.9666666666666668,29,30,19.59459114074707,6.008737995712111
R7_no_urgency,0.0,1,anchor_R7_A50,1.0,30,30,24.249980926513672,6.761521236650315
R7_no_urgency,0.0,1,own,0.9666666666666668,29,30,12.821940422058104,4.25946024306944
R7_no_urgency,0.0,2,anchor_R4_A00,0.8666666666666667,26,30,29.61591529846191,6.283038000612292
R7_no_urgency,0.0,2,anchor_R4_A50,0.1,3,30,48.08991622924805,22.97832446488123
R7_no_urgency,0.0,2,anchor_R7_A00,1.0,30,30,19.06500244140625,4.968517551535299
R7_no_urgency,0.0,2,anchor_R7_A50,0.1333333333333333,4,30,32.07975006103516,14.568107641776402
R7_no_urgency,0.0,2,own,0.1333333333333333,4,30,47.10494613647461,21.76001207453233
R7_no_urgency,0.0,3,anchor_R4_A00,0.1666666666666666,5,30,44.60371780395508,9.674799552432615
R7_no_urgency,0.0,3,anchor_R4_A50,1.0,30,30,14.776548385620115,3.75785238807637
R7_no_urgency,0.0,3,anchor_R7_A00,0.1666666666666666,5,30,39.87712478637695,10.147028383301944
R7_no_urgency,0.0,3,anchor_R7_A50,0.8,24,30,29.876680374145508,8.166058072192653
R7_no_urgency,0.0,3,own,1.0,30,30,12.169939041137695,4.0781854388153445
R7_no_urgency,0.0,4,anchor_R4_A00,0.1333333333333333,4,30,54.32713317871094,16.100598319482163
R7_no_urgency,0.0,4,anchor_R4_A50,1.0,30,30,28.21991539001465,5.0780993713816205
R7_no_urgency,0.0,4,anchor_R7_A00,0.3,9,30,27.57939910888672,13.303437030849116
R7_no_urgency,0.0,4,anchor_R7_A50,0.1,3,30,31.209644317626957,16.123792795438714
R7_no_urgency,0.0,4,own,1.0,30,30,19.19109344482422,4.977995901864093
R7_no_urgency,0.0,5,anchor_R4_A00,0.6666666666666666,20,30,35.568641662597656,8.137424181263722
R7_no_urgency,0.0,5,anchor_R4_A50,0.4333333333333333,13,30,29.825489044189453,8.138359758200108
R7_no_urgency,0.0,5,anchor_R7_A00,0.7666666666666667,23,30,34.36207962036133,9.164725180440836
R7_no_urgency,0.0,5,anchor_R7_A50,0.3,9,30,38.22788619995117,12.011243636574596
R7_no_urgency,0.0,5,own,1.0,30,30,16.49744415283203,4.845281414190917
R7_no_urgency,0.0,6,anchor_R4_A00,1.0,30,30,12.007823944091797,4.020516965947649
R7_no_urgency,0.0,6,anchor_R4_A50,0.9333333333333332,28,30,30.536190032958984,8.390577273441712
R7_no_urgency,0.0,6,anchor_R7_A00,1.0,30,30,16.831384658813477,4.1726967634412055
R7_no_urgency,0.0,6,anchor_R7_A50,1.0,30,30,21.38408470153809,6.198255978632078
R7_no_urgency,0.0,6,own,1.0,30,30,18.543933868408203,4.537482212854775
R7_no_urgency,0.0,7,anchor_R4_A00,0.0666666666666666,2,30,43.53995513916016,25.084493036376102
R7_no_urgency,0.0,7,anchor_R4_A50,1.0,30,30,23.786338806152344,5.056816504165243
R7_no_urgency,0.0,7,anchor_R7_A00,0.1666666666666666,5,30,29.78727531433105,23.549065695578456
R7_no_urgency,0.0,7,anchor_R7_A50,0.0333333333333333,1,30,35.4185791015625,22.9249888627794
R7_no_urgency,0.0,7,own,1.0,30,30,25.16773223876953,4.872792437685024
R7_no_urgency,0.0,8,anchor_R4_A00,0.1,3,30,51.52296447753906,9.869124496219856
R7_no_urgency,0.0,8,anchor_R4_A50,0.1,3,30,41.10468292236328,13.65032669040892
R7_no_urgency,0.0,8,anchor_R7_A00,0.2,6,30,31.21252059936523,7.790990590374464
R7_no_urgency,0.0,8,anchor_R7_A50,0.0666666666666666,2,30,32.17536544799805,24.506733049392707
R7_no_urgency,0.0,8,own,1.0,30,30,20.259748458862305,4.570866865423978
R7_no_urgency,0.0,9,anchor_R4_A00,0.9666666666666668,29,30,24.192352294921875,5.188125772235158
R7_no_urgency,0.0,9,anchor_R4_A50,0.5333333333333333,16,30,39.00455474853515,12.47803908128417
R7_no_urgency,0.0,9,anchor_R7_A00,1.0,30,30,20.458520889282227,4.678726777973604
R7_no_urgency,0.0,9,anchor_R7_A50,0.9,27,30,23.447362899780277,7.540350213764335
R7_no_urgency,0.0,9,own,1.0,30,30,15.380789756774902,4.795992746866921
R4_sparse,0.0,5,anchor_R4_A00,0.7,21,30,29.75973129272461,8.233591855854753
R4_sparse,0.0,5,anchor_R4_A50,0.1666666666666666,5,30,36.633243560791016,24.19317336264524
R4_sparse,0.0,5,anchor_R7_A00,0.9333333333333332,28,30,24.453832626342773,6.302985035479335
R4_sparse,0.0,5,anchor_R7_A50,0.0333333333333333,1,30,33.189483642578125,22.850857190608973
R4_sparse,0.0,5,own,0.8,24,30,35.7437744140625,7.187844065466901
R4_sparse,0.0,6,anchor_R4_A00,0.4333333333333333,13,30,35.6875114440918,8.940198057013292
R4_sparse,0.0,6,anchor_R4_A50,0.1666666666666666,5,30,35.47621154785156,24.399074963560007
R4_sparse,0.0,6,anchor_R7_A00,0.6333333333333333,19,30,24.32850456237793,7.12212164035906
R4_sparse,0.0,6,anchor_R7_A50,0.0333333333333333,1,30,34.47431945800781,24.821807302474973
R4_sparse,0.0,6,own,0.1333333333333333,4,30,37.61026382446289,11.897540192559452
R4_sparse,0.0,7,anchor_R4_A00,0.1,3,30,36.86421203613281,21.72216837746757
R4_sparse,0.0,7,anchor_R4_A50,0.1,3,30,39.66261672973633,17.57064782423443
R4_sparse,0.0,7,anchor_R7_A00,0.1,3,30,29.149639129638672,22.7150398127612
R4_sparse,0.0,7,anchor_R7_A50,0.9666666666666668,29,30,23.044904708862305,5.942238331292327
R4_sparse,0.0,7,own,0.1666666666666666,5,30,38.42156600952149,17.5953286045817
R4_sparse,0.0,8,anchor_R4_A00,0.8666666666666667,26,30,29.259395599365234,7.39267305009802
R4_sparse,0.0,8,anchor_R4_A50,0.0666666666666666,2,30,41.680789947509766,27.486054789967003
R4_sparse,0.0,8,anchor_R7_A00,1.0,30,30,20.33949851989746,5.370249144013021
R4_sparse,0.0,8,anchor_R7_A50,0.0333333333333333,1,30,27.5205192565918,21.86056170950996
R4_sparse,0.0,8,own,0.1666666666666666,5,30,42.03633880615234,21.96382901561253
R4_sparse,0.0,9,anchor_R4_A00,0.6666666666666666,20,30,32.629249572753906,7.313577328018206
R4_sparse,0.0,9,anchor_R4_A50,0.0666666666666666,2,30,33.54759216308594,28.275135940198545
R4_sparse,0.0,9,anchor_R7_A00,0.8333333333333334,25,30,20.22832489013672,6.815301539497734
R4_sparse,0.0,9,anchor_R7_A50,0.1,3,30,29.8521671295166,17.402700942384552
R4_sparse,0.0,9,own,0.1333333333333333,4,30,39.89973449707031,17.685888203310586
R4_sparse,0.0,10,anchor_R4_A00,0.1333333333333333,4,30,35.057472229003906,26.88373318411055
R4_sparse,0.0,10,anchor_R4_A50,0.9666666666666668,29,30,24.49234390258789,5.449116323423732
R4_sparse,0.0,10,anchor_R7_A00,0.0666666666666666,2,30,29.061620712280277,27.89673453097873
R4_sparse,0.0,10,anchor_R7_A50,0.0666666666666666,2,30,30.28132057189941,23.732425423145298
R4_sparse,0.0,10,own,0.2,6,30,36.2350959777832,15.566634510251374
R4_sparse,0.0,11,anchor_R4_A00,0.2666666666666666,8,30,41.27083206176758,14.05889189819558
R4_sparse,0.0,11,anchor_R4_A50,0.1,3,30,44.298336029052734,20.55329804951539
R4_sparse,0.0,11,anchor_R7_A00,0.1,3,30,31.657716751098636,17.413376782250786
R4_sparse,0.0,11,anchor_R7_A50,0.6666666666666666,20,30,31.94466209411621,8.723452407552747
R4_sparse,0.0,11,own,0.1333333333333333,4,30,42.44074249267578,19.384915563251035
R4_sparse,0.0,12,anchor_R4_A00,0.1,3,30,37.7226448059082,22.280999292055764
R4_sparse,0.0,12,anchor_R4_A50,0.0333333333333333,1,30,40.1326904296875,19.51588825146357
R4_sparse,0.0,12,anchor_R7_A00,0.0666666666666666,2,30,29.572071075439453,22.77737101436797
R4_sparse,0.0,12,anchor_R7_A50,0.0666666666666666,2,30,30.357561111450195,30.898544070985583
R4_sparse,0.0,12,own,0.2,6,30,37.25167465209961,15.156005809080195
R4_sparse,0.0,13,anchor_R4_A00,0.4666666666666667,14,30,34.35982894897461,7.732679258232461
R4_sparse,0.0,13,anchor_R4_A50,0.1333333333333333,4,30,37.050392150878906,24.97227619687716
R4_sparse,0.0,13,anchor_R7_A00,0.6,18,30,28.47530937194824,7.691477853205612
R4_sparse,0.0,13,anchor_R7_A50,0.1333333333333333,4,30,31.17340850830078,13.94812955695107
R4_sparse,0.0,13,own,0.1,3,30,36.08111572265625,14.649711854771672
R4_sparse,0.0,14,anchor_R4_A00,0.1,3,30,38.9255485534668,27.141748082045357
R4_sparse,0.0,14,anchor_R4_A50,0.9,27,30,27.45304107666016,5.648288000993736
R4_sparse,0.0,14,anchor_R7_A00,0.2,6,30,27.361921310424805,25.14369448709216
R4_sparse,0.0,14,anchor_R7_A50,0.2333333333333333,7,30,27.85347366333008,19.18656796545934
R4_sparse,0.0,14,own,0.1666666666666666,5,30,44.8835334777832,16.873886345573077
R4_sparse,0.0,15,anchor_R4_A00,0.2333333333333333,7,30,32.37244415283203,19.15870392493049
R4_sparse,0.0,15,anchor_R4_A50,0.9666666666666668,29,30,23.417171478271484,7.032198915632659
R4_sparse,0.0,15,anchor_R7_A00,0.1333333333333333,4,30,29.64114189147949,21.25036339230008
R4_sparse,0.0,15,anchor_R7_A50,0.9666666666666668,29,30,25.11066055297852,6.46538810748588
R4_sparse,0.0,15,own,0.1666666666666666,5,30,37.1257209777832,15.08853763526982
R4_sparse,0.0,16,anchor_R4_A00,0.1,3,30,43.88214111328125,12.474477487718216
R4_sparse,0.0,16,anchor_R4_A50,0.0666666666666666,2,30,38.7114372253418,24.00884845386852
R4_sparse,0.0,16,anchor_R7_A00,0.1333333333333333,4,30,32.40934753417969,9.5817318266783
R4_sparse,0.0,16,anchor_R7_A50,0.1,3,30,32.9936408996582,22.65369821972317
R4_sparse,0.0,16,own,0.7,21,30,26.1841983795166,7.010583666681698
R4_sparse,0.0,17,anchor_R4_A00,0.1666666666666666,5,30,34.73518753051758,16.817620034784646
R4_sparse,0.0,17,anchor_R4_A50,0.1333333333333333,4,30,41.14078903198242,20.75108924034159
R4_sparse,0.0,17,anchor_R7_A00,0.1,3,30,35.90538787841797,19.145511655781476
R4_sparse,0.0,17,anchor_R7_A50,0.8666666666666667,26,30,28.981143951416016,7.435760912404762
R4_sparse,0.0,17,own,0.1666666666666666,5,30,36.65838241577149,24.668326595556053
R4_sparse,0.0,18,anchor_R4_A00,0.1666666666666666,5,30,41.54558563232422,18.710605243087212
R4_sparse,0.0,18,anchor_R4_A50,0.1333333333333333,4,30,42.84489440917969,20.11013548324261
R4_sparse,0.0,18,anchor_R7_A00,0.1666666666666666,5,30,36.03551864624024,19.291701764701006
R4_sparse,0.0,18,anchor_R7_A50,0.1,3,30,37.6688117980957,25.72252962383769
R4_sparse,0.0,18,own,0.8333333333333334,25,30,31.1458797454834,6.390101763174566
R4_sparse,0.0,19,anchor_R4_A00,0.1333333333333333,4,30,44.90019989013672,18.72081037968029
R4_sparse,0.0,19,anchor_R4_A50,0.1,3,30,42.45336151123047,17.017169337201814
R4_sparse,0.0,19,anchor_R7_A00,0.1333333333333333,4,30,33.369590759277344,18.65628079751414
R4_sparse,0.0,19,anchor_R7_A50,0.8666666666666667,26,30,32.12092971801758,7.7795582347629795
R4_sparse,0.0,19,own,0.2,6,30,37.47723007202149,13.222634424200438
R4_sparse,0.5,5,anchor_R4_A00,0.7333333333333333,22,30,33.56073760986328,8.553394968402
R4_sparse,0.5,5,anchor_R4_A50,0.1,3,30,42.30805969238281,24.915936760436807
R4_sparse,0.5,5,anchor_R7_A00,0.9333333333333332,28,30,27.50847625732422,7.060851971263629
R4_sparse,0.5,5,anchor_R7_A50,0.0333333333333333,1,30,33.466064453125,23.75829665906501
R4_sparse,0.5,5,own,0.8666666666666667,26,30,31.51855087280273,6.809254432976159
R4_sparse,0.5,6,anchor_R4_A00,0.5666666666666667,17,30,37.61449813842773,11.486049084663913
R4_sparse,0.5,6,anchor_R4_A50,0.1666666666666666,5,30,34.14262771606445,25.356462570972937
R4_sparse,0.5,6,anchor_R7_A00,0.8,24,30,24.13956069946289,7.561580264695235
R4_sparse,0.5,6,anchor_R7_A50,0.2,6,30,24.545440673828125,20.46724539161864
R4_sparse,0.5,6,own,0.8333333333333334,25,30,31.51291847229004,7.072263214927248
R4_sparse,0.5,7,anchor_R4_A00,0.1,3,30,39.42289352416992,24.252176437223795
R4_sparse,0.5,7,anchor_R4_A50,0.4666666666666667,14,30,35.43669509887695,8.941912656341108
R4_sparse,0.5,7,anchor_R7_A00,0.1333333333333333,4,30,33.48736572265625,22.631681627035142
R4_sparse,0.5,7,anchor_R7_A50,0.1666666666666666,5,30,29.862001419067383,13.073794963836464
R4_sparse,0.5,7,own,0.3,9,30,38.3961181640625,10.542859966952388
R4_sparse,0.5,8,anchor_R4_A00,0.1666666666666666,5,30,42.2420654296875,16.9144135332026
R4_sparse,0.5,8,anchor_R4_A50,0.2666666666666666,8,30,37.81141662597656,12.93939602949169
R4_sparse,0.5,8,anchor_R7_A00,0.2666666666666666,8,30,26.855134963989254,17.250007103480304
R4_sparse,0.5,8,anchor_R7_A50,0.0333333333333333,1,30,33.16881561279297,24.07012343819936
R4_sparse,0.5,8,own,0.0666666666666666,2,30,52.722843170166016,11.61592278812094
R4_sparse,0.5,9,anchor_R4_A00,0.5333333333333333,16,30,45.033451080322266,10.274922773029347
R4_sparse,0.5,9,anchor_R4_A50,0.0666666666666666,2,30,44.76547622680664,24.33574512379109
R4_sparse,0.5,9,anchor_R7_A00,0.6666666666666666,20,30,22.220895767211918,7.8498344089694
R4_sparse,0.5,9,anchor_R7_A50,0.2,6,30,25.563312530517575,17.991427363137344
R4_sparse,0.5,9,own,0.2,6,30,48.70770263671875,11.840546934728334
R4_sparse,0.5,10,anchor_R4_A00,0.1666666666666666,5,30,33.28067779541016,19.89463573636304
R4_sparse,0.5,10,anchor_R4_A50,0.4,12,30,39.22651672363281,10.283819875579416
R4_sparse,0.5,10,anchor_R7_A00,0.1666666666666666,5,30,31.44199752807617,21.04355892555676
R4_sparse,0.5,10,anchor_R7_A50,0.1333333333333333,4,30,34.01801300048828,13.752736072433429
R4_sparse,0.5,10,own,0.3,9,30,42.05205535888672,9.77265081821656
R4_sparse,0.5,11,anchor_R4_A00,0.1,3,30,44.37392425537109,20.05270159313006
R4_sparse,0.5,11,anchor_R4_A50,0.2666666666666666,8,30,35.70154571533203,13.740846801933236
R4_sparse,0.5,11,anchor_R7_A00,0.0333333333333333,1,30,39.9834213256836,19.868741791696262
R4_sparse,0.5,11,anchor_R7_A50,0.1,3,30,34.134254455566406,26.18071817234584
R4_sparse,0.5,11,own,0.5666666666666667,17,30,40.55339050292969,7.292499067228177
R4_sparse,0.5,12,anchor_R4_A00,0.0666666666666666,2,30,40.4337158203125,18.6800373267421
R4_sparse,0.5,12,anchor_R4_A50,0.2,6,30,42.64316940307617,13.764651596330737
R4_sparse,0.5,12,anchor_R7_A00,0.2333333333333333,7,30,29.01860237121582,17.455013242262382
R4_sparse,0.5,12,anchor_R7_A50,0.2,6,30,34.464393615722656,18.787127882674888
R4_sparse,0.5,12,own,0.2666666666666666,8,30,42.62891006469727,9.38559059281622
R4_sparse,0.5,13,anchor_R4_A00,0.5,15,30,46.130332946777344,11.127804162230824
R4_sparse,0.5,13,anchor_R4_A50,0.1,3,30,42.29533004760742,25.06241233094533
R4_sparse,0.5,13,anchor_R7_A00,0.4666666666666667,14,30,33.688480377197266,9.428122445585432
R4_sparse,0.5,13,anchor_R7_A50,0.1666666666666666,5,30,36.13748550415039,17.956654340219245
R4_sparse,0.5,13,own,0.1666666666666666,5,30,44.831321716308594,12.859850136899176
R4_sparse,0.5,14,anchor_R4_A00,0.1666666666666666,5,30,41.31327819824219,14.893111587549704
R4_sparse,0.5,14,anchor_R4_A50,0.3,9,30,37.85329055786133,13.184629125378253
R4_sparse,0.5,14,anchor_R7_A00,0.1333333333333333,4,30,38.43605041503906,16.219472542000826
R4_sparse,0.5,14,anchor_R7_A50,0.1666666666666666,5,30,34.18733215332031,15.79904123590077
R4_sparse,0.5,14,own,0.3666666666666666,11,30,46.43831253051758,8.675104275326907
R4_sparse,0.5,15,anchor_R4_A00,0.3333333333333333,10,30,37.00468444824219,10.362477583943113
R4_sparse,0.5,15,anchor_R4_A50,0.1666666666666666,5,30,37.61640930175781,21.518386264686413
R4_sparse,0.5,15,anchor_R7_A00,0.2,6,30,39.0318489074707,11.619004167285604
R4_sparse,0.5,15,anchor_R7_A50,0.2,6,30,30.98917961120605,14.348276252845269
R4_sparse,0.5,15,own,0.2,6,30,37.3372917175293,18.49619349819502
R4_sparse,0.5,16,anchor_R4_A00,0.2,6,30,38.48077392578125,22.70144533208083
R4_sparse,0.5,16,anchor_R4_A50,1.0,30,30,26.24974632263184,5.403153560397987
R4_sparse,0.5,16,anchor_R7_A00,0.1333333333333333,4,30,34.53331756591797,24.93756350686814
R4_sparse,0.5,16,anchor_R7_A50,0.1666666666666666,5,30,29.62431907653809,20.844369570175804
R4_sparse,0.5,16,own,1.0,30,30,24.97696304321289,6.138577493662236
R4_sparse,0.5,17,anchor_R4_A00,0.6,18,30,37.83835220336914,9.01989287695528
R4_sparse,0.5,17,anchor_R4_A50,0.1,3,30,43.02468490600586,23.542123283086
R4_sparse,0.5,17,anchor_R7_A00,0.6,18,30,23.9250431060791,7.496303756588429
R4_sparse,0.5,17,anchor_R7_A50,0.0666666666666666,2,30,37.53837203979492,16.83169907996768
R4_sparse,0.5,17,own,0.4,12,30,44.1871452331543,7.821399055795241
R4_sparse,0.5,18,anchor_R4_A00,0.1333333333333333,4,30,38.75627136230469,24.61437004697767
R4_sparse,0.5,18,anchor_R4_A50,0.2333333333333333,7,30,36.82257843017578,10.044447637932867
R4_sparse,0.5,18,anchor_R7_A00,0.1333333333333333,4,30,35.968204498291016,23.48163392661433
R4_sparse,0.5,18,anchor_R7_A50,0.4333333333333333,13,30,28.767940521240234,10.085313263551386
R4_sparse,0.5,18,own,0.1666666666666666,5,30,43.2933235168457,17.363173375794272
R4_sparse,0.5,19,anchor_R4_A00,0.1333333333333333,4,30,39.80589294433594,21.58294522947137
R4_sparse,0.5,19,anchor_R4_A50,0.3666666666666666,11,30,39.73188781738281,10.836408546939833
R4_sparse,0.5,19,anchor_R7_A00,0.2666666666666666,8,30,30.273176193237305,18.14208294240543
R4_sparse,0.5,19,anchor_R7_A50,0.3333333333333333,10,30,32.21647262573242,10.991281107153515
R4_sparse,0.5,19,own,0.0333333333333333,1,30,52.222957611083984,18.203031052362352
R7_kitchen_sink,0.0,9,anchor_R4_A00,0.0666666666666666,2,30,41.30162811279297,24.5156095166383
R7_kitchen_sink,0.0,9,anchor_R4_A50,1.0,30,30,21.07665634155273,4.758178199906806
R7_kitchen_sink,0.0,9,anchor_R7_A00,0.0666666666666666,2,30,34.68829727172852,23.28092218966712
R7_kitchen_sink,0.0,9,anchor_R7_A50,0.0666666666666666,2,30,39.81282806396485,12.66572026598895
R7_kitchen_sink,0.0,9,own,0.9666666666666668,29,30,23.696107864379883,5.807448670058554
R7_kitchen_sink,0.0,10,anchor_R4_A00,0.2,6,30,43.63842010498047,15.316952808027867
R7_kitchen_sink,0.0,10,anchor_R4_A50,1.0,30,30,21.62809562683105,4.5176283854100605
R7_kitchen_sink,0.0,10,anchor_R7_A00,0.0666666666666666,2,30,43.29727935791016,17.78149069167629
R7_kitchen_sink,0.0,10,anchor_R7_A50,0.9333333333333332,28,30,29.58345603942871,8.121916787269338
R7_kitchen_sink,0.0,10,own,0.0333333333333333,1,30,39.91949462890625,18.424690767560687
R7_kitchen_sink,0.0,11,anchor_R4_A00,1.0,30,30,24.29568672180176,5.680604294199088
R7_kitchen_sink,0.0,11,anchor_R4_A50,0.9666666666666668,29,30,24.11127281188965,5.870133683289525
R7_kitchen_sink,0.0,11,anchor_R7_A00,1.0,30,30,23.9403076171875,6.127315547532942
R7_kitchen_sink,0.0,11,anchor_R7_A50,1.0,30,30,18.243690490722656,4.76236715813228
R7_kitchen_sink,0.0,11,own,1.0,30,30,20.525880813598636,4.7525014071742175
R7_kitchen_sink,0.0,12,anchor_R4_A00,0.1333333333333333,4,30,46.02543258666992,13.750716162689509
R7_kitchen_sink,0.0,12,anchor_R4_A50,1.0,30,30,18.53233528137207,4.213552415191111
R7_kitchen_sink,0.0,12,anchor_R7_A00,0.1666666666666666,5,30,28.797338485717773,13.45221945087872
R7_kitchen_sink,0.0,12,anchor_R7_A50,0.3333333333333333,10,30,29.83455467224121,12.489903179695984
R7_kitchen_sink,0.0,12,own,1.0,30,30,17.67017936706543,4.650223431239165
R7_kitchen_sink,0.0,13,anchor_R4_A00,0.1333333333333333,4,30,47.3408432006836,15.968153296362347
R7_kitchen_sink,0.0,13,anchor_R4_A50,1.0,30,30,21.7978458404541,4.798966520061205
R7_kitchen_sink,0.0,13,anchor_R7_A00,0.1666666666666666,5,30,31.741294860839844,15.15058505839204
R7_kitchen_sink,0.0,13,anchor_R7_A50,0.3333333333333333,10,30,29.319047927856445,11.450062665023925
R7_kitchen_sink,0.0,13,own,0.4,12,30,37.31129455566406,10.473947065561418
R7_kitchen_sink,0.0,14,anchor_R4_A00,0.7,21,30,33.48030090332031,5.684590891689011
R7_kitchen_sink,0.0,14,anchor_R4_A50,0.9333333333333332,28,30,29.29737091064453,6.9286599787588585
R7_kitchen_sink,0.0,14,anchor_R7_A00,0.8,24,30,27.421613693237305,6.441042343566713
R7_kitchen_sink,0.0,14,anchor_R7_A50,0.9666666666666668,29,30,28.005001068115234,7.697748864535787
R7_kitchen_sink,0.0,14,own,1.0,30,30,17.360363006591797,4.80478043876568
R7_kitchen_sink,0.0,15,anchor_R4_A00,0.4333333333333333,13,30,39.01160430908203,12.357671458489362
R7_kitchen_sink,0.0,15,anchor_R4_A50,1.0,30,30,18.338525772094727,4.356048630482357
R7_kitchen_sink,0.0,15,anchor_R7_A00,0.1333333333333333,4,30,40.32929611206055,13.060000088262615
R7_kitchen_sink,0.0,15,anchor_R7_A50,0.2666666666666666,8,30,35.757606506347656,12.570043450482569
R7_kitchen_sink,0.0,15,own,1.0,30,30,20.55937767028809,5.450191194888811
R7_kitchen_sink,0.0,16,anchor_R4_A00,0.2333333333333333,7,30,36.16668319702149,19.668710079774755
R7_kitchen_sink,0.0,16,anchor_R4_A50,1.0,30,30,21.227108001708984,4.520450367565266
R7_kitchen_sink,0.0,16,anchor_R7_A00,0.1333333333333333,4,30,34.12053680419922,21.79539172473374
R7_kitchen_sink,0.0,16,anchor_R7_A50,0.1333333333333333,4,30,28.99060821533203,19.65286564968755
R7_kitchen_sink,0.0,16,own,1.0,30,30,17.613121032714844,4.408955123585542
R7_kitchen_sink,0.0,17,anchor_R4_A00,0.8666666666666667,26,30,34.50807571411133,6.551803875747913
R7_kitchen_sink,0.0,17,anchor_R4_A50,0.2,6,30,39.43373489379883,15.485007574563303
R7_kitchen_sink,0.0,17,anchor_R7_A00,0.9,27,30,23.8911247253418,5.335422662096517
R7_kitchen_sink,0.0,17,anchor_R7_A50,0.2,6,30,32.68799591064453,12.61471910444962
R7_kitchen_sink,0.0,17,own,1.0,30,30,22.1452751159668,7.5750971521617085
R7_kitchen_sink,0.0,18,anchor_R4_A00,0.1,3,30,38.16668701171875,19.88151469345438
R7_kitchen_sink,0.0,18,anchor_R4_A50,0.8,24,30,36.099571228027344,8.06272931765733
R7_kitchen_sink,0.0,18,anchor_R7_A00,0.1,3,30,33.29323959350586,20.48768234618505
R7_kitchen_sink,0.0,18,anchor_R7_A50,1.0,30,30,20.39246368408203,4.770644799457017
R7_kitchen_sink,0.0,18,own,1.0,30,30,18.946680068969727,4.796758322495631
R7_kitchen_sink,0.0,19,anchor_R4_A00,0.2666666666666666,8,30,40.71668243408203,9.713486004136858
R7_kitchen_sink,0.0,19,anchor_R4_A50,1.0,30,30,15.293500900268556,3.9236655700819214
R7_kitchen_sink,0.0,19,anchor_R7_A00,0.2333333333333333,7,30,32.645938873291016,11.026535374892823
R7_kitchen_sink,0.0,19,anchor_R7_A50,1.0,30,30,22.81863212585449,7.191524296590766
R7_kitchen_sink,0.0,19,own,1.0,30,30,21.8687744140625,5.338399691289934
R7_kitchen_sink,0.5,9,anchor_R4_A00,0.9666666666666668,29,30,29.09981155395508,6.085651720194388
R7_kitchen_sink,0.5,9,anchor_R4_A50,1.0,30,30,26.1125602722168,5.112864198058897
R7_kitchen_sink,0.5,9,anchor_R7_A00,1.0,30,30,24.90881729125977,6.199904860777051
R7_kitchen_sink,0.5,9,anchor_R7_A50,0.6,18,30,35.15190505981445,7.310088263250082
R7_kitchen_sink,0.5,9,own,1.0,30,30,22.29269790649414,4.918150478873788
R7_kitchen_sink,0.5,10,anchor_R4_A00,0.9666666666666668,29,30,23.392858505249023,6.946244862822768
R7_kitchen_sink,0.5,10,anchor_R4_A50,1.0,30,30,23.5022087097168,5.945819957606988
R7_kitchen_sink,0.5,10,anchor_R7_A00,1.0,30,30,18.752195358276367,6.111536904856967
R7_kitchen_sink,0.5,10,anchor_R7_A50,0.4,12,30,29.93939971923828,7.630851018092415
R7_kitchen_sink,0.5,10,own,1.0,30,30,18.601280212402344,5.061772081597209
R7_kitchen_sink,0.5,11,anchor_R4_A00,0.6,18,30,36.38433837890625,5.659836728757272
R7_kitchen_sink,0.5,11,anchor_R4_A50,1.0,30,30,27.03569221496582,7.323027757678777
R7_kitchen_sink,0.5,11,anchor_R7_A00,0.4,12,30,30.142507553100582,5.687454916457854
R7_kitchen_sink,0.5,11,anchor_R7_A50,0.9666666666666668,29,30,26.803852081298828,9.745901109808576
R7_kitchen_sink,0.5,11,own,0.9,27,30,28.90366554260254,5.275870780588475
R7_kitchen_sink,0.5,12,anchor_R4_A00,1.0,30,30,18.17474174499512,4.539865333106235
R7_kitchen_sink,0.5,12,anchor_R4_A50,0.9666666666666668,29,30,34.993385314941406,9.219042740938896
R7_kitchen_sink,0.5,12,anchor_R7_A00,1.0,30,30,19.06762313842773,4.822040281706464
R7_kitchen_sink,0.5,12,anchor_R7_A50,1.0,30,30,25.1290283203125,7.761181669884028
R7_kitchen_sink,0.5,12,own,1.0,30,30,21.651092529296875,5.403659439549148
R7_kitchen_sink,0.5,13,anchor_R4_A00,0.2333333333333333,7,30,36.109657287597656,11.382827014420258
R7_kitchen_sink,0.5,13,anchor_R4_A50,0.1333333333333333,4,30,46.34416961669922,13.456223588429111
R7_kitchen_sink,0.5,13,anchor_R7_A00,0.1,3,30,32.1070671081543,13.510811641127976
R7_kitchen_sink,0.5,13,anchor_R7_A50,1.0,30,30,21.731176376342773,5.229655380721096
R7_kitchen_sink,0.5,13,own,1.0,30,30,25.212690353393555,5.485158885515988
R7_kitchen_sink,0.5,14,anchor_R4_A00,1.0,30,30,32.40723419189453,7.008714703637897
R7_kitchen_sink,0.5,14,anchor_R4_A50,0.8333333333333334,25,30,31.89644432067871,5.079951599498531
R7_kitchen_sink,0.5,14,anchor_R7_A00,1.0,30,30,22.18461036682129,6.367150827980491
R7_kitchen_sink,0.5,14,anchor_R7_A50,1.0,30,30,24.458066940307617,8.004315836302803
R7_kitchen_sink,0.5,14,own,1.0,30,30,20.81676483154297,5.3983634944100265
R7_kitchen_sink,0.5,15,anchor_R4_A00,1.0,30,30,22.92047882080078,5.796281739670092
R7_kitchen_sink,0.5,15,anchor_R4_A50,1.0,30,30,13.860677719116213,4.006392353986661
R7_kitchen_sink,0.5,15,anchor_R7_A00,1.0,30,30,18.410968780517575,5.002597094833311
R7_kitchen_sink,0.5,15,anchor_R7_A50,1.0,30,30,25.88657760620117,6.705091787897191
R7_kitchen_sink,0.5,15,own,1.0,30,30,18.504863739013672,5.398073574686835
R7_kitchen_sink,0.5,16,anchor_R4_A00,1.0,30,30,18.32697486877441,4.361679584710092
R7_kitchen_sink,0.5,16,anchor_R4_A50,0.2333333333333333,7,30,46.4356575012207,5.856579130698095
R7_kitchen_sink,0.5,16,anchor_R7_A00,1.0,30,30,17.12451171875,4.534751475626671
R7_kitchen_sink,0.5,16,anchor_R7_A50,0.8666666666666667,26,30,25.698322296142575,6.465156245968091
R7_kitchen_sink,0.5,16,own,1.0,30,30,24.30172538757324,6.682637027067503
R7_kitchen_sink,0.5,17,anchor_R4_A00,1.0,30,30,27.359424591064453,8.052067649063487
R7_kitchen_sink,0.5,17,anchor_R4_A50,1.0,30,30,17.54460334777832,4.142293503574767
R7_kitchen_sink,0.5,17,anchor_R7_A00,1.0,30,30,25.89895820617676,8.321632803770362
R7_kitchen_sink,0.5,17,anchor_R7_A50,1.0,30,30,30.606882095336918,9.844343846507686
R7_kitchen_sink,0.5,17,own,1.0,30,30,18.02545738220215,4.972835679340338
R7_kitchen_sink,0.5,18,anchor_R4_A00,0.2666666666666666,8,30,42.34360122680664,11.314810158888292
R7_kitchen_sink,0.5,18,anchor_R4_A50,1.0,30,30,20.05630874633789,4.273449785158841
R7_kitchen_sink,0.5,18,anchor_R7_A00,0.3,9,30,32.42605209350586,10.374237751047884
R7_kitchen_sink,0.5,18,anchor_R7_A50,0.3666666666666666,11,30,34.262203216552734,9.59764002318726
R7_kitchen_sink,0.5,18,own,1.0,30,30,23.35540580749512,5.69733669704741
R7_kitchen_sink,0.5,19,anchor_R4_A00,1.0,30,30,16.182466506958008,4.84430596536866
R7_kitchen_sink,0.5,19,anchor_R4_A50,0.9333333333333332,28,30,24.633995056152344,6.578784355570117
R7_kitchen_sink,0.5,19,anchor_R7_A00,1.0,30,30,20.604236602783203,5.181745849482602
R7_kitchen_sink,0.5,19,anchor_R7_A50,1.0,30,30,19.55958366394043,5.689362209636318
R7_kitchen_sink,0.5,19,own,1.0,30,30,12.942501068115234,4.518498808926024
R7sk_R4hd,0.0,0,anchor_R4_A00,1.0,30,30,18.74352264404297,4.835001398926826
R7sk_R4hd,0.0,0,anchor_R4_A50,0.1,3,30,55.571659088134766,16.243774462797596
R7sk_R4hd,0.0,0,anchor_R7_A00,1.0,30,30,17.221220016479492,4.951302939614595
R7sk_R4hd,0.0,0,anchor_R7_A50,0.43333333333333335,13,30,42.9572639465332,10.968761208182483
R7sk_R4hd,0.0,0,own,1.0,30,30,21.1313533782959,5.183673117031262
R7sk_R4hd,0.0,1,anchor_R4_A00,0.6666666666666666,20,30,44.847660064697266,7.90631911809423
R7sk_R4hd,0.0,1,anchor_R4_A50,0.4,12,30,50.08674621582031,5.411741700221063
R7sk_R4hd,0.0,1,anchor_R7_A00,0.7333333333333333,22,30,35.43390655517578,7.160775508422456
R7sk_R4hd,0.0,1,anchor_R7_A50,1.0,30,30,20.809598922729492,5.327399050176413
R7sk_R4hd,0.0,1,own,1.0,30,30,17.910884857177734,4.371685326906214
R7sk_R4hd,0.0,2,anchor_R4_A00,0.06666666666666667,2,30,50.33016586303711,17.53735938003659
R7sk_R4hd,0.0,2,anchor_R4_A50,0.16666666666666666,5,30,46.782596588134766,14.27726658097629
R7sk_R4hd,0.0,2,anchor_R7_A00,0.1,3,30,49.4613151550293,17.883163164148886
R7sk_R4hd,0.0,2,anchor_R7_A50,0.9333333333333333,28,30,23.122920989990234,4.789959900851733
R7sk_R4hd,0.0,2,own,1.0,30,30,18.095592498779297,4.269417337495208
R7sk_R4hd,0.0,3,anchor_R4_A00,1.0,30,30,17.450054168701172,4.593227788158485
R7sk_R4hd,0.0,3,anchor_R4_A50,0.9666666666666667,29,30,34.22027587890625,7.698958108223905
R7sk_R4hd,0.0,3,anchor_R7_A00,1.0,30,30,23.551658630371094,5.010327007563413
R7sk_R4hd,0.0,3,anchor_R7_A50,1.0,30,30,29.252704620361328,8.148695362472512
R7sk_R4hd,0.0,3,own,1.0,30,30,20.083324432373047,4.545530758129928
R7sk_R4hd,0.0,4,anchor_R4_A00,0.9,27,30,40.62570571899414,9.826721750748318
R7sk_R4hd,0.0,4,anchor_R4_A50,1.0,30,30,14.681111335754395,4.409119485033921
R7sk_R4hd,0.0,4,anchor_R7_A00,0.9666666666666667,29,30,27.826650619506836,7.733840777386911
R7sk_R4hd,0.0,4,anchor_R7_A50,0.3333333333333333,10,30,52.19757080078125,12.29037557382201
R7sk_R4hd,0.0,4,own,1.0,30,30,16.937999725341797,4.107383481843386
R7sk_R4hd,0.0,5,anchor_R4_A00,0.1,3,30,55.3416633605957,23.855006624380742
R7sk_R4hd,0.0,5,anchor_R4_A50,1.0,30,30,21.555641174316406,5.085202560902972
R7sk_R4hd,0.0,5,anchor_R7_A00,0.2,6,30,48.4520263671875,21.477425127801443
R7sk_R4hd,0.0,5,anchor_R7_A50,0.1,3,30,57.4741096496582,20.29471878782908
R7sk_R4hd,0.0,5,own,1.0,30,30,23.114389419555664,5.213246971643113
R7sk_R4hd,0.0,6,anchor_R4_A00,0.9,27,30,43.29953384399414,10.521186857071518
R7sk_R4hd,0.0,6,anchor_R4_A50,1.0,30,30,24.194211959838867,4.529362057221267
R7sk_R4hd,0.0,6,anchor_R7_A00,0.8,24,30,40.564762115478516,8.401456595534823
R7sk_R4hd,0.0,6,anchor_R7_A50,0.1,3,30,67.16638946533203,11.042287248921191
R7sk_R4hd,0.0,6,own,1.0,30,30,21.31679344177246,4.612442305249292
R7sk_R4hd,0.0,7,anchor_R4_A00,0.8666666666666667,26,30,25.29366111755371,6.07572579052291
R7sk_R4hd,0.0,7,anchor_R4_A50,0.6666666666666666,20,30,50.216854095458984,14.79376988606594
R7sk_R4hd,0.0,7,anchor_R7_A00,1.0,30,30,22.00347328186035,5.451867867020011
R7sk_R4hd,0.0,7,anchor_R7_A50,1.0,30,30,34.23728942871094,9.792548651109225
R7sk_R4hd,0.0,7,own,1.0,30,30,33.24595642089844,9.596943305308512
R7sk_R4hd,0.0,8,anchor_R4_A00,0.3,9,30,34.04518508911133,16.044894921985655
R7sk_R4hd,0.0,8,anchor_R4_A50,0.16666666666666666,5,30,39.61277389526367,10.824059079406851
R7sk_R4hd,0.0,8,anchor_R7_A00,0.16666666666666666,5,30,38.970115661621094,19.1591493874649
R7sk_R4hd,0.0,8,anchor_R7_A50,1.0,30,30,24.932838439941406,5.437083973620332
R7sk_R4hd,0.0,8,own,0.13333333333333333,4,30,36.90684509277344,18.04776745674209
R7sk_R4hd,0.0,9,anchor_R4_A00,1.0,30,30,23.901161193847656,5.877539224132175
R7sk_R4hd,0.0,9,anchor_R4_A50,0.7333333333333333,22,30,31.194171905517578,7.058354486068163
R7sk_R4hd,0.0,9,anchor_R7_A00,1.0,30,30,32.706844329833984,8.892271650893644
R7sk_R4hd,0.0,9,anchor_R7_A50,1.0,30,30,17.385963439941406,4.498182151045454
R7sk_R4hd,0.0,9,own,1.0,30,30,21.203731536865234,4.974660630429088
R7sk_R4hd,0.5,0,anchor_R4_A00,0.9333333333333333,28,30,34.5362434387207,7.1978511702290575
R7sk_R4hd,0.5,0,anchor_R4_A50,0.8666666666666667,26,30,43.67903137207031,6.824715255793338
R7sk_R4hd,0.5,0,anchor_R7_A00,1.0,30,30,30.438228607177734,6.544694549699164
R7sk_R4hd,0.5,0,anchor_R7_A50,0.5333333333333333,16,30,49.76755142211914,9.167959988165972
R7sk_R4hd,0.5,0,own,0.9,27,30,41.02796173095703,6.957400326312726
R7sk_R4hd,0.5,1,anchor_R4_A00,1.0,30,30,22.431550979614258,5.026455104718393
R7sk_R4hd,0.5,1,anchor_R4_A50,0.26666666666666666,8,30,45.90951156616211,11.933292750428791
R7sk_R4hd,0.5,1,anchor_R7_A00,1.0,30,30,20.017303466796875,4.898177087464658
R7sk_R4hd,0.5,1,anchor_R7_A50,0.8333333333333334,25,30,40.428890228271484,9.828176207286637
R7sk_R4hd,0.5,1,own,1.0,30,30,19.191144943237305,5.214644029090854
R7sk_R4hd,0.5,2,anchor_R4_A00,0.7333333333333333,22,30,42.75627136230469,7.682310450490885
R7sk_R4hd,0.5,2,anchor_R4_A50,1.0,30,30,23.06698226928711,4.433889127591337
R7sk_R4hd,0.5,2,anchor_R7_A00,0.8666666666666667,26,30,43.06866455078125,8.133758373502351
R7sk_R4hd,0.5,2,anchor_R7_A50,1.0,30,30,26.944753646850586,6.637689576605211
R7sk_R4hd,0.5,2,own,1.0,30,30,16.721435546875,4.2463565166976
R7sk_R4hd,0.5,3,anchor_R4_A00,1.0,30,30,24.23917007446289,4.655351514925784
R7sk_R4hd,0.5,3,anchor_R4_A50,1.0,30,30,17.028268814086914,4.416146546250234
R7sk_R4hd,0.5,3,anchor_R7_A00,1.0,30,30,26.93950080871582,5.5269204980405435
R7sk_R4hd,0.5,3,anchor_R7_A50,1.0,30,30,24.14620018005371,6.103992144303376
R7sk_R4hd,0.5,3,own,1.0,30,30,13.518081665039062,3.79750352043332
R7sk_R4hd,0.5,4,anchor_R4_A00,1.0,30,30,24.548465728759766,5.896458151236741
R7sk_R4hd,0.5,4,anchor_R4_A50,1.0,30,30,16.543338775634766,4.559895943245434
R7sk_R4hd,0.5,4,anchor_R7_A00,1.0,30,30,25.263391494750977,6.557052298448612
R7sk_R4hd,0.5,4,anchor_R7_A50,1.0,30,30,28.997982025146484,7.597103887517594
R7sk_R4hd,0.5,4,own,0.9666666666666667,29,30,18.543588638305664,4.224956735723694
R7sk_R4hd,0.5,5,anchor_R4_A00,0.2,6,30,48.17463302612305,13.130692759450486
R7sk_R4hd,0.5,5,anchor_R4_A50,1.0,30,30,21.413963317871094,5.078251040137886
R7sk_R4hd,0.5,5,anchor_R7_A00,0.13333333333333333,4,30,52.28217315673828,13.718091816155368
R7sk_R4hd,0.5,5,anchor_R7_A50,0.5333333333333333,16,30,38.9608268737793,7.882619696285793
R7sk_R4hd,0.5,5,own,1.0,30,30,20.18914222717285,5.263486303372345
R7sk_R4hd,0.5,6,anchor_R4_A00,0.3333333333333333,10,30,48.421836853027344,10.25396965919778
R7sk_R4hd,0.5,6,anchor_R4_A50,1.0,30,30,22.59329605102539,4.923990476824433
R7sk_R4hd,0.5,6,anchor_R7_A00,0.4,12,30,47.21553421020508,10.394014036259204
R7sk_R4hd,0.5,6,anchor_R7_A50,0.23333333333333334,7,30,49.62335205078125,14.513262156300271
R7sk_R4hd,0.5,6,own,1.0,30,30,20.85828971862793,4.7204790979845495
R7sk_R4hd,0.5,7,anchor_R4_A00,0.7,21,30,38.32015609741211,6.496300087256858
R7sk_R4hd,0.5,7,anchor_R4_A50,1.0,30,30,22.647361755371094,4.552455685298425
R7sk_R4hd,0.5,7,anchor_R7_A00,0.5,15,30,45.873897552490234,6.807289566106849
R7sk_R4hd,0.5,7,anchor_R7_A50,0.9333333333333333,28,30,31.368009567260742,5.651540201097662
R7sk_R4hd,0.5,7,own,1.0,30,30,25.479015350341797,5.045331975835817
R7sk_R4hd,0.5,8,anchor_R4_A00,1.0,30,30,18.254207611083984,4.741776617838359
R7sk_R4hd,0.5,8,anchor_R4_A50,0.9333333333333333,28,30,40.29646682739258,6.990013928426792
R7sk_R4hd,0.5,8,anchor_R7_A00,1.0,30,30,20.22677993774414,4.713908468058397
R7sk_R4hd,0.5,8,anchor_R7_A50,1.0,30,30,26.32194709777832,5.640888543527376
R7sk_R4hd,0.5,8,own,0.8666666666666667,26,30,40.9910888671875,6.300898924073303
R7sk_R4hd,0.5,9,anchor_R4_A00,1.0,30,30,18.47275161743164,4.225441862246795
R7sk_R4hd,0.5,9,anchor_R4_A50,0.8666666666666667,26,30,37.15525436401367,8.008723716444592
R7sk_R4hd,0.5,9,anchor_R7_A00,1.0,30,30,18.256330490112305,4.30328107900393
R7sk_R4hd,0.5,9,anchor_R7_A50,1.0,30,30,25.191465377807617,6.46290965570451
R7sk_R4hd,0.5,9,own,1.0,30,30,19.19270133972168,4.905950841067595
R4_sparse_gaefix,0.0,0,anchor_R4_A00,0.1,3,30,31.958812713623047,23.75909981947475
R4_sparse_gaefix,0.0,0,anchor_R4_A50,1.0,30,30,25.079862594604492,5.97397299174045
R4_sparse_gaefix,0.0,0,anchor_R7_A00,0.16666666666666666,5,30,31.25173568725586,22.540496855743342
R4_sparse_gaefix,0.0,0,anchor_R7_A50,0.1,3,30,32.909420013427734,15.005548875763305
R4_sparse_gaefix,0.0,0,own,0.03333333333333333,1,30,27.718427658081055,24.517512625376387
R4_sparse_gaefix,0.0,1,anchor_R4_A00,0.3,9,30,28.735424041748047,15.215891884709853
R4_sparse_gaefix,0.0,1,anchor_R4_A50,0.13333333333333333,4,30,31.589256286621094,20.728153418011136
R4_sparse_gaefix,0.0,1,anchor_R7_A00,0.03333333333333333,1,30,41.17503356933594,17.42818315294054
R4_sparse_gaefix,0.0,1,anchor_R7_A50,0.06666666666666667,2,30,40.71977996826172,29.666338167561427
R4_sparse_gaefix,0.0,1,own,0.06666666666666667,2,30,40.98723602294922,15.897932095442062
R4_sparse_gaefix,0.0,2,anchor_R4_A00,0.23333333333333334,7,30,36.38901138305664,15.456235038200495
R4_sparse_gaefix,0.0,2,anchor_R4_A50,0.16666666666666666,5,30,35.19581604003906,20.41135778450966
R4_sparse_gaefix,0.0,2,anchor_R7_A00,0.1,3,30,38.308555603027344,16.937032904624942
R4_sparse_gaefix,0.0,2,anchor_R7_A50,0.9333333333333333,28,30,21.346025466918945,5.971766757861934
R4_sparse_gaefix,0.0,2,own,0.43333333333333335,13,30,31.7959041595459,17.041030539486005
R4_sparse_gaefix,0.0,3,anchor_R4_A00,0.13333333333333333,4,30,33.47113800048828,16.341519070326676
R4_sparse_gaefix,0.0,3,anchor_R4_A50,0.2,6,30,25.49751091003418,19.773116574600888
R4_sparse_gaefix,0.0,3,anchor_R7_A00,0.1,3,30,36.658912658691406,19.201205932263974
R4_sparse_gaefix,0.0,3,anchor_R7_A50,0.7333333333333333,22,30,23.03270721435547,5.700955845760019
R4_sparse_gaefix,0.0,3,own,0.13333333333333333,4,30,34.21044921875,27.768887379532767
R4_sparse_gaefix,0.0,4,anchor_R4_A00,0.0,0,30,27.013460159301758,23.295786417643228
R4_sparse_gaefix,0.0,4,anchor_R4_A50,0.06666666666666667,2,30,24.351247787475586,22.09706164423625
R4_sparse_gaefix,0.0,4,anchor_R7_A00,0.13333333333333333,4,30,21.02643585205078,21.638416908034568
R4_sparse_gaefix,0.0,4,anchor_R7_A50,0.8333333333333334,25,30,19.44237518310547,5.185719131753052
R4_sparse_gaefix,0.0,4,own,0.16666666666666666,5,30,19.462665557861328,29.540810372988382
R7_kitchen_sink_gaefix,0.0,0,anchor_R4_A00,1.0,30,30,13.331615447998047,3.3751586119718673
R7_kitchen_sink_gaefix,0.0,0,anchor_R4_A50,1.0,30,30,9.014333724975586,3.4612873090575493
R7_kitchen_sink_gaefix,0.0,0,anchor_R7_A00,1.0,30,30,19.137601852416992,4.041537369373809
R7_kitchen_sink_gaefix,0.0,0,anchor_R7_A50,1.0,30,30,20.659772872924805,4.230064646954139
R7_kitchen_sink_gaefix,0.0,0,own,1.0,30,30,7.30224084854126,3.239677092437257
R7_kitchen_sink_gaefix,0.0,1,anchor_R4_A00,0.4,12,30,35.93220520019531,10.768012599399535
R7_kitchen_sink_gaefix,0.0,1,anchor_R4_A50,0.06666666666666667,2,30,37.64220428466797,28.56508742396037
R7_kitchen_sink_gaefix,0.0,1,anchor_R7_A00,1.0,30,30,22.88358497619629,4.897991233342585
R7_kitchen_sink_gaefix,0.0,1,anchor_R7_A50,0.16666666666666666,5,30,33.654178619384766,20.96695931471388
R7_kitchen_sink_gaefix,0.0,1,own,0.9666666666666667,29,30,20.562288284301758,4.6934399420141535
R7_kitchen_sink_gaefix,0.0,2,anchor_R4_A00,0.8666666666666667,26,30,21.026098251342773,5.96389480762808
R7_kitchen_sink_gaefix,0.0,2,anchor_R4_A50,0.13333333333333333,4,30,36.996891021728516,26.155560297328158
R7_kitchen_sink_gaefix,0.0,2,anchor_R7_A00,1.0,30,30,19.313873291015625,4.680690284862071
R7_kitchen_sink_gaefix,0.0,2,anchor_R7_A50,0.03333333333333333,1,30,39.439510345458984,18.750667355855303
R7_kitchen_sink_gaefix,0.0,2,own,0.06666666666666667,2,30,40.28498077392578,23.074950912051733
R7_kitchen_sink_gaefix,0.0,3,anchor_R4_A00,0.5,15,30,36.328365325927734,7.227604887032906
R7_kitchen_sink_gaefix,0.0,3,anchor_R4_A50,0.2,6,30,53.59342956542969,18.9719969022661
R7_kitchen_sink_gaefix,0.0,3,anchor_R7_A00,1.0,30,30,21.721460342407227,4.889146393290814
R7_kitchen_sink_gaefix,0.0,3,anchor_R7_A50,0.03333333333333333,1,30,54.82592010498047,14.40855413754781
R7_kitchen_sink_gaefix,0.0,3,own,1.0,30,30,17.127662658691406,4.971182155576748
R7_kitchen_sink_gaefix,0.0,4,anchor_R4_A00,1.0,30,30,19.746767044067383,3.8737644311352697
R7_kitchen_sink_gaefix,0.0,4,anchor_R4_A50,1.0,30,30,10.74659538269043,3.4028791552453863
R7_kitchen_sink_gaefix,0.0,4,anchor_R7_A00,1.0,30,30,22.768774032592773,3.970907752203241
R7_kitchen_sink_gaefix,0.0,4,anchor_R7_A50,1.0,30,30,14.79339599609375,3.9544237851888417
R7_kitchen_sink_gaefix,0.0,4,own,1.0,30,30,5.695298671722412,3.2977107531931784
