hider_survival,hider_mean_steps,hider_path_len,hider_speed,hider_mean_dist,hider_frac_center,hider_frac_wall,reward,A,seed,probe
0.19999999999999996,113.46666666666667,27.533607482910156,0.26766046501738927,7.469090794396302,0.016964412091800624,0.7532318983890713,R4_sparse,0.0,0,probe_R7_A00
0.8666666666666667,174.7,28.951068878173828,0.1893965302683099,19.247123280167507,0.03483333333333334,0.7496666666666667,R4_sparse,0.0,0,probe_R4_A00
0.23333333333333328,98.76666666666667,19.996143341064453,0.24115608930043927,7.185253368079168,0.07450844038560284,0.6361822865106828,R4_sparse,0.0,1,probe_R7_A00
0.9333333333333333,187.1,32.225868225097656,0.18632249524858263,21.164309390174022,0.027999999999999994,0.8415,R4_sparse,0.0,1,probe_R4_A00
0.30000000000000004,88.93333333333334,22.17505645751953,0.29255331832013515,6.9189461769265685,0.051298415676464454,0.6815264105854093,R4_sparse,0.0,2,probe_R7_A00
0.9,180.96666666666667,39.56485366821289,0.23578547447257572,20.855674300829563,0.029166666666666667,0.8579444444444444,R4_sparse,0.0,2,probe_R4_A00
0.33333333333333337,126.43333333333334,36.80152893066406,0.29947867761759245,8.973932045565492,0.0769804318488529,0.7588056392486724,R4_sparse,0.0,3,probe_R7_A00
0.6,149.4,43.055641174316406,0.3035338988442502,10.410599986899086,0.0587921146953405,0.7794857886836332,R4_sparse,0.0,3,probe_R4_A00
0.7666666666666666,165.46666666666667,45.479129791259766,0.27878986044449555,11.611539169527584,0.12738888888888888,0.5451011904761904,R4_sparse,0.0,4,probe_R7_A00
0.4,125.93333333333334,37.365726470947266,0.29849713326536126,8.98778495200837,0.11699570743992178,0.4475178315575902,R4_sparse,0.0,4,probe_R4_A00
0.0,50.53333333333333,16.610820770263672,0.3305055407524897,4.41302272352968,0.09529709430946748,0.5766428318888412,R4_sparse,0.0,5,probe_R7_A00
0.8666666666666667,173.86666666666667,29.623249053955078,0.19044006041532907,23.97509251172114,0.05600000000000001,0.8204999999999999,R4_sparse,0.0,5,probe_R4_A00
0.6,140.76666666666668,27.260074615478516,0.2261087853321214,9.035320394603085,0.08572825150732127,0.6857450980392156,R4_sparse,0.0,6,probe_R7_A00
0.9,180.83333333333334,40.132198333740234,0.2349660185125721,21.392970095358486,0.09641025641025643,0.7170952380952381,R4_sparse,0.0,6,probe_R4_A00
0.09999999999999998,64.56666666666666,19.36267852783203,0.3072762308117933,4.952978247184698,0.04406786038124037,0.6595984931609495,R4_sparse,0.0,7,probe_R7_A00
0.8666666666666667,174.56666666666666,33.293827056884766,0.21602476102586776,23.256290944518238,0.0955,0.7030952380952379,R4_sparse,0.0,7,probe_R4_A00
0.5666666666666667,131.83333333333334,34.15689468383789,0.2893035907029349,10.015901801128141,0.04811111111111111,0.728218860229277,R4_sparse,0.0,8,probe_R7_A00
0.2666666666666667,90.76666666666667,27.18686294555664,0.3349381554623335,6.323752452404758,0.048887690299393015,0.6358760995136136,R4_sparse,0.0,8,probe_R4_A00
0.23333333333333328,110.43333333333334,28.543493270874023,0.27132881668123354,7.586210183936085,0.08355814269855379,0.6748524242443995,R4_sparse,0.0,9,probe_R7_A00
0.9333333333333333,187.13333333333333,43.570560455322266,0.24055756980333579,21.1176993096425,0.046,0.8123205128205128,R4_sparse,0.0,9,probe_R4_A00
0.5333333333333333,121.63333333333334,34.40672302246094,0.2913581543576653,7.318108378175858,0.10019431643625193,0.5153425311902889,R4_sparse,0.0,10,probe_R7_A00
0.9,182.06666666666666,48.768775939941406,0.2725898202749399,15.965973433296224,0.04633333333333334,0.6326481481481481,R4_sparse,0.0,10,probe_R4_A00
0.7333333333333334,169.1,36.57875061035156,0.23212419470274004,13.501707058637733,0.0365945945945946,0.7430555555555555,R4_sparse,0.0,11,probe_R7_A00
0.2666666666666667,95.86666666666666,27.108333587646484,0.3007472796495117,5.466139284414295,0.051757554010269456,0.6337972568787112,R4_sparse,0.0,11,probe_R4_A00
0.30000000000000004,100.6,30.023649215698242,0.3274655772576072,6.989053853657764,0.03548636276142758,0.7653660075509556,R4_sparse,0.0,12,probe_R7_A00
0.8666666666666667,174.33333333333334,46.11052322387695,0.27689140569028403,21.419233720665886,0.07621428571428572,0.7163809523809525,R4_sparse,0.0,12,probe_R4_A00
0.16666666666666663,93.76666666666667,22.294767379760742,0.2815743565083713,7.212255603237297,0.14313809480537815,0.6906522893885767,R4_sparse,0.0,13,probe_R7_A00
0.9,180.96666666666667,37.45320510864258,0.22033821445777882,20.5049336828871,0.03783333333333334,0.7956764705882352,R4_sparse,0.0,13,probe_R4_A00
0.6666666666666667,155.96666666666667,45.451725006103516,0.2955966802130472,8.506805616814738,0.10577533398501139,0.6004951975225838,R4_sparse,0.0,14,probe_R7_A00
0.8333333333333334,169.1,46.85895538330078,0.2895797950126895,19.800641102204732,0.11046296296296296,0.5910641025641026,R4_sparse,0.0,14,probe_R4_A00
0.0,58.1,17.487567901611328,0.31984679380415143,5.360716246195975,0.1509252114923754,0.5049324826626842,R4_sparse,0.0,15,probe_R7_A00
0.8333333333333334,168.16666666666666,39.596187591552734,0.25055512215392756,20.70646798964943,0.09577272727272727,0.7673535353535352,R4_sparse,0.0,15,probe_R4_A00
0.7333333333333334,154.33333333333334,18.787391662597656,0.1870161936218891,10.090345976089386,0.1195,0.7399999999999999,R4_sparse,0.0,16,probe_R7_A00
0.9333333333333333,187.3,24.369943618774414,0.14694596630515475,22.586864334915624,0.03866666666666666,0.8314242424242424,R4_sparse,0.0,16,probe_R4_A00
0.33333333333333337,99.96666666666667,19.760517120361328,0.256726512073201,6.799084120252865,0.07110596741516773,0.511241974069,R4_sparse,0.0,17,probe_R7_A00
0.8,161.33333333333334,31.56512451171875,0.22610369864847293,19.738588606554366,0.03266666666666666,0.8343333333333335,R4_sparse,0.0,17,probe_R4_A00
0.8,163.76666666666668,29.909460067749023,0.2178795540228543,11.231019555960604,0.12205555555555554,0.7311666666666666,R4_sparse,0.0,18,probe_R7_A00
0.8666666666666667,174.76666666666668,36.294795989990234,0.23271412611241432,23.598355681120175,0.030676470588235298,0.7703333333333334,R4_sparse,0.0,18,probe_R4_A00
0.033333333333333326,73.4,21.42157554626465,0.297860257935542,5.558707842911307,0.14466242242850227,0.5668710217662835,R4_sparse,0.0,19,probe_R7_A00
0.9,180.66666666666666,31.250459671020508,0.18818973616317466,21.466293700783343,0.04566666666666667,0.7984999999999999,R4_sparse,0.0,19,probe_R4_A00
0.09999999999999998,73.06666666666666,21.509639739990234,0.28721169176241806,4.697226361405297,0.19684338673151056,0.48606033997118964,R4_sparse,0.5,0,probe_R7_A00
0.7666666666666666,156.93333333333334,45.17110824584961,0.2904888363321186,16.338830527672403,0.18716666666666668,0.38194444444444453,R4_sparse,0.5,0,probe_R4_A00
0.0,46.2,14.185476303100586,0.31624228209366734,4.288046886466895,0.12870968537635205,0.4376561351546378,R4_sparse,0.5,1,probe_R7_A00
0.8333333333333334,169.3,41.534244537353516,0.2548109101441802,20.916192934228004,0.07333333333333332,0.6970952380952382,R4_sparse,0.5,1,probe_R4_A00
0.6,128.3,34.97929382324219,0.2741606315589638,7.830245616745553,0.08283333333333331,0.5209603825136612,R4_sparse,0.5,2,probe_R7_A00
0.8333333333333334,171.76666666666668,46.66868209838867,0.272666112606151,13.733698655934885,0.1565,0.35680797101449274,R4_sparse,0.5,2,probe_R4_A00
0.19999999999999996,100.63333333333334,25.698942184448242,0.26470921957921506,6.622768756638436,0.021241167283420802,0.7420597346932746,R4_sparse,0.5,3,probe_R7_A00
1.0,200.0,45.3107795715332,0.2265538953145345,20.69589192708333,0.06283333333333332,0.7726666666666666,R4_sparse,0.5,3,probe_R4_A00
0.0,36.56666666666667,12.533935546875,0.35291506269750844,4.00592647290298,0.05006250815738481,0.5928033675142228,R4_sparse,0.5,4,probe_R7_A00
0.9,180.86666666666667,36.468666076660156,0.21702168331196697,24.41003701457271,0.05650000000000001,0.7785370370370369,R4_sparse,0.5,4,probe_R4_A00
0.0,55.56666666666667,18.43449592590332,0.3342764128043225,4.6091783780174715,0.1925324702390011,0.49288933543443636,R4_sparse,0.5,5,probe_R7_A00
0.9333333333333333,186.96666666666667,26.395206451416016,0.15306242942810058,25.03564642302195,0.11966666666666666,0.7915,R4_sparse,0.5,5,probe_R4_A00
0.0,51.6,17.495304107666016,0.3413424919565276,4.371075090057348,0.2015715105030985,0.39598888844664476,R4_sparse,0.5,6,probe_R7_A00
0.8666666666666667,174.5,38.86594009399414,0.23765194124645656,23.422206923049906,0.083,0.7378333333333332,R4_sparse,0.5,6,probe_R4_A00
0.6666666666666667,139.46666666666667,37.90254211425781,0.29331024161475305,10.399446799406919,0.1985,0.6239418526031103,R4_sparse,0.5,7,probe_R7_A00
0.6666666666666667,149.43333333333334,40.5222282409668,0.28692377250999995,10.384316947304658,0.08695945945945945,0.7206958434360141,R4_sparse,0.5,7,probe_R4_A00
0.6666666666666667,137.83333333333334,29.026758193969727,0.25600143426636657,8.34433206806578,0.12278451178451179,0.7529259259259258,R4_sparse,0.5,8,probe_R7_A00
0.8,165.4,33.153175354003906,0.22528416039139673,18.16296475365845,0.06316666666666666,0.7959912280701753,R4_sparse,0.5,8,probe_R4_A00
0.06666666666666665,99.0,28.224939346313477,0.2962747301231463,6.0915338096883005,0.16837055836052825,0.5804523721311424,R4_sparse,0.5,9,probe_R7_A00
0.8666666666666667,174.66666666666666,41.981529235839844,0.2538223341022219,20.59597965740779,0.08499999999999999,0.6430555555555555,R4_sparse,0.5,9,probe_R4_A00
0.6333333333333333,149.96666666666667,35.55880355834961,0.25112525280867115,11.691777448562428,0.06733333333333333,0.7415673571413937,R4_sparse,0.5,10,probe_R7_A00
0.33333333333333337,123.03333333333333,33.26117706298828,0.2765135853237889,7.071611420456713,0.05593536530198463,0.7214348418647442,R4_sparse,0.5,10,probe_R4_A00
0.7,149.76666666666668,34.33769989013672,0.2609208010404748,9.21288130949499,0.042499999999999996,0.7181666666666666,R4_sparse,0.5,11,probe_R7_A00
0.7666666666666666,157.43333333333334,38.40983963012695,0.2631186084494909,16.52036873667815,0.13849382716049383,0.6342417153996102,R4_sparse,0.5,11,probe_R4_A00
0.6,130.33333333333334,33.9340705871582,0.2635374801978456,9.35228202816234,0.12283333333333334,0.5060879120879122,R4_sparse,0.5,12,probe_R7_A00
0.8,164.5,35.147891998291016,0.2234140594713554,16.21666381016966,0.07522222222222223,0.5757676767676767,R4_sparse,0.5,12,probe_R4_A00
0.5,125.46666666666667,27.63912582397461,0.2505466540832773,8.197315700376755,0.09562962962962963,0.698405790668764,R4_sparse,0.5,13,probe_R7_A00
0.9,181.16666666666666,44.25370407104492,0.25479734152650074,20.782653379217447,0.04483333333333333,0.7512142857142857,R4_sparse,0.5,13,probe_R4_A00
0.23333333333333328,85.33333333333333,25.14826774597168,0.2954762011678173,4.899007156240308,0.2422057613168724,0.22572260070679065,R4_sparse,0.5,14,probe_R7_A00
0.9666666666666667,193.53333333333333,55.51341247558594,0.28923536475499473,20.670861010657415,0.14416666666666667,0.47983333333333344,R4_sparse,0.5,14,probe_R4_A00
0.7,147.13333333333333,32.023231506347656,0.24813992549858513,9.619557444641714,0.07588211382113821,0.5805000000000001,R4_sparse,0.5,15,probe_R7_A00
0.8,162.83333333333334,32.181907653808594,0.21864720147883251,18.49810240192367,0.07583333333333335,0.6496666666666667,R4_sparse,0.5,15,probe_R4_A00
0.7666666666666666,163.83333333333334,23.101686477661133,0.1865530325755069,14.062981036335433,0.06343830570902394,0.7465523198362524,R4_sparse,0.5,16,probe_R7_A00
0.0,63.3,19.60639190673828,0.3322404558072247,4.946512860144546,0.1085596948019439,0.648489005433749,R4_sparse,0.5,16,probe_R4_A00
0.0,43.5,13.740522384643555,0.31618872344720866,3.994230400849576,0.040038084836461964,0.6204126804868849,R4_sparse,0.5,17,probe_R7_A00
0.8666666666666667,174.23333333333332,43.680660247802734,0.2619542338848114,22.237664156701832,0.073,0.7667962962962964,R4_sparse,0.5,17,probe_R4_A00
0.8333333333333334,170.16666666666666,47.202049255371094,0.28683544178552706,10.945256461761963,0.060696078431372556,0.673470588235294,R4_sparse,0.5,18,probe_R7_A00
0.4666666666666667,117.23333333333333,32.95851516723633,0.3007193587232165,9.101877192098954,0.07154497354497355,0.7268714955297776,R4_sparse,0.5,18,probe_R4_A00
0.19999999999999996,70.56666666666666,19.64408302307129,0.2858625314515741,4.621034376091501,0.22452513422062298,0.31462469900240797,R4_sparse,0.5,19,probe_R7_A00
0.8666666666666667,174.8,41.86576461791992,0.24187589830880638,19.680404120281068,0.21821428571428567,0.5028333333333334,R4_sparse,0.5,19,probe_R4_A00
0.7666666666666666,165.86666666666667,22.315715789794922,0.17456523280469705,13.897574700964944,0.0373409475465313,0.8584155649764788,R7_kitchen_sink,0.0,0,probe_R7_A00
0.0,71.2,22.660200119018555,0.3433011646596292,5.237414120569709,0.13043747682074913,0.5188574373321405,R7_kitchen_sink,0.0,0,probe_R4_A00
0.16666666666666663,70.63333333333334,25.244937896728516,0.382631124419903,5.468193662472803,0.19576476798205655,0.3422453560611289,R7_kitchen_sink,0.0,1,probe_R7_A00
0.8666666666666667,173.63333333333333,20.291831970214844,0.1538985124429067,25.028334095266132,0.022166666666666668,0.9076666666666668,R7_kitchen_sink,0.0,1,probe_R4_A00
0.43333333333333335,107.5,19.511714935302734,0.2538129191337032,7.726931344612442,0.04163427800269905,0.7920470192575455,R7_kitchen_sink,0.0,2,probe_R7_A00
0.7666666666666666,155.23333333333332,32.09943771362305,0.24367886129292574,18.402035389820735,0.04183333333333334,0.7815000000000002,R7_kitchen_sink,0.0,2,probe_R4_A00
0.0,43.5,14.153931617736816,0.32692170452273245,4.724641308064111,0.06612867460131898,0.6828249570500812,R7_kitchen_sink,0.0,3,probe_R7_A00
1.0,200.0,42.95689010620117,0.21478443241119383,24.325825561523438,0.028166666666666666,0.8274999999999999,R7_kitchen_sink,0.0,3,probe_R4_A00
0.8666666666666667,179.8,29.42673683166504,0.18719683089219108,11.158457493867557,0.0315,0.8262056530214426,R7_kitchen_sink,0.0,4,probe_R7_A00
0.9333333333333333,187.23333333333332,30.08526039123535,0.1784016713168886,22.64732307617753,0.07116666666666666,0.7958703703703705,R7_kitchen_sink,0.0,4,probe_R4_A00
0.8,168.23333333333332,25.15430450439453,0.19132700992235355,11.141958473173474,0.13038766685467193,0.7402297424327883,R7_kitchen_sink,0.0,5,probe_R7_A00
0.8666666666666667,174.4,22.768693923950195,0.16482855600654764,21.195017418654505,0.03783333333333332,0.8312592592592593,R7_kitchen_sink,0.0,5,probe_R4_A00
0.0,56.233333333333334,19.36689567565918,0.34929337697026225,4.820091328916194,0.08178867863145577,0.6411416374871773,R7_kitchen_sink,0.0,6,probe_R7_A00
0.8666666666666667,173.83333333333334,40.322383880615234,0.25381523451540206,21.285121217144862,0.036833333333333336,0.8001111111111111,R7_kitchen_sink,0.0,6,probe_R4_A00
0.30000000000000004,99.83333333333333,17.44554901123047,0.2766812624225837,8.257831189414622,0.13514575730832704,0.57088566894993,R7_kitchen_sink,0.0,7,probe_R7_A00
0.0,76.53333333333333,27.700916290283203,0.33873193776677785,6.764932157982636,0.10451222108928701,0.6401030430752226,R7_kitchen_sink,0.0,7,probe_R4_A00
0.7,171.76666666666668,20.44771957397461,0.12432999415803654,13.257863679352107,0.01828913443830571,0.8787644882543729,R7_kitchen_sink,0.0,8,probe_R7_A00
0.0,60.833333333333336,19.069019317626953,0.3266768895280014,4.893539450875932,0.05637001489513214,0.6977028277529087,R7_kitchen_sink,0.0,8,probe_R4_A00
0.7,152.03333333333333,19.578886032104492,0.18704440562512883,12.015553034566233,0.05344444444444444,0.7313988764044945,R7_kitchen_sink,0.0,9,probe_R7_A00
0.1333333333333333,104.1,27.58902359008789,0.27187219788848405,6.7358143857913335,0.09879077438510929,0.5813461342359926,R7_kitchen_sink,0.0,9,probe_R4_A00
0.0,57.53333333333333,18.658166885375977,0.32950292644944373,5.04745377847277,0.12784679491103632,0.5790278334076372,R7_kitchen_sink,0.0,10,probe_R7_A00
0.9,180.6,21.911340713500977,0.14853949511051176,25.427747104666857,0.04907407407407407,0.8513333333333334,R7_kitchen_sink,0.0,10,probe_R4_A00
0.19999999999999996,115.76666666666667,17.506404876708984,0.22046355057952613,8.368377229407816,0.04126301776503191,0.786742347167854,R7_kitchen_sink,0.0,11,probe_R7_A00
0.8666666666666667,174.13333333333333,20.774751663208008,0.15480836945952792,20.810067580512076,0.039424242424242424,0.8263333333333333,R7_kitchen_sink,0.0,11,probe_R4_A00
0.8333333333333334,184.83333333333334,23.24335289001465,0.13413437283261612,14.687650438979116,0.032,0.8660569105691057,R7_kitchen_sink,0.0,12,probe_R7_A00
0.0,75.66666666666667,20.80332374572754,0.2887306881364134,5.051892888690059,0.04915821829588389,0.8144012546936243,R7_kitchen_sink,0.0,12,probe_R4_A00
0.06666666666666665,127.86666666666666,23.899120330810547,0.2029305447140568,9.56535115541962,0.033048040877599966,0.8694930707729417,R7_kitchen_sink,0.0,13,probe_R7_A00
0.8666666666666667,174.8,24.113807678222656,0.1684696301611184,20.088349828720087,0.050499999999999996,0.8651010101010101,R7_kitchen_sink,0.0,13,probe_R4_A00
0.5666666666666667,135.73333333333332,23.007160186767578,0.2127354086270975,9.075420495395633,0.026242894056847543,0.7700380097614405,R7_kitchen_sink,0.0,14,probe_R7_A00
0.9,180.66666666666666,24.58709144592285,0.15994612189133964,21.715454796455525,0.06612962962962964,0.8338333333333333,R7_kitchen_sink,0.0,14,probe_R4_A00
0.8,168.33333333333334,19.34377098083496,0.1435171237776093,14.231602055997765,0.018000000000000002,0.9108436633912824,R7_kitchen_sink,0.0,15,probe_R7_A00
0.0,75.86666666666666,21.447904586791992,0.2887263409079125,5.906789583567952,0.07373514804471028,0.7288007552522635,R7_kitchen_sink,0.0,15,probe_R4_A00
0.8,191.53333333333333,24.522830963134766,0.1279088378206004,14.77558100304612,0.031849816849816845,0.9011477843690235,R7_kitchen_sink,0.0,16,probe_R7_A00
0.0,67.63333333333334,20.578733444213867,0.3245694536235056,5.217882880522527,0.09972993461952077,0.6661820183016676,R7_kitchen_sink,0.0,16,probe_R4_A00
0.7,154.03333333333333,25.398719787597656,0.21912471525997715,9.962696650266787,0.11548554354313519,0.7677413929874664,R7_kitchen_sink,0.0,17,probe_R7_A00
0.7333333333333334,148.56666666666666,20.77202606201172,0.20713984290758772,18.543520717038046,0.07166666666666667,0.7285555555555555,R7_kitchen_sink,0.0,17,probe_R4_A00
0.2666666666666667,123.93333333333334,27.066471099853516,0.24983792899661433,9.205198811256881,0.06793057735998505,0.7408103351800309,R7_kitchen_sink,0.0,18,probe_R7_A00
0.9333333333333333,186.96666666666667,23.040212631225586,0.14349036685625713,22.23654339059194,0.049,0.8433333333333333,R7_kitchen_sink,0.0,18,probe_R4_A00
0.7333333333333334,154.53333333333333,23.04416847229004,0.20307119406507584,13.990246262576251,0.05667460317460317,0.6927575757575757,R7_kitchen_sink,0.0,19,probe_R7_A00
0.0,65.4,21.657398223876953,0.3540187063185004,4.88587020949929,0.1294410497032707,0.5846696959512144,R7_kitchen_sink,0.0,19,probe_R4_A00
0.6333333333333333,152.36666666666667,26.42926788330078,0.21439842200198622,10.628623656575805,0.06466666666666666,0.7572416173570019,R7_kitchen_sink,0.5,0,probe_R7_A00
0.0,64.66666666666667,20.726520538330078,0.32880120250196854,5.31806531812438,0.09773809714487647,0.6799744813686018,R7_kitchen_sink,0.5,0,probe_R4_A00
0.7333333333333334,155.46666666666667,19.059444427490234,0.19089503014413273,9.689041895327028,0.036851351351351355,0.7052197197197198,R7_kitchen_sink,0.5,1,probe_R7_A00
0.7666666666666666,155.03333333333333,19.704532623291016,0.19460891339078212,19.5087949338113,0.04313468013468014,0.7307857142857144,R7_kitchen_sink,0.5,1,probe_R4_A00
0.0,58.166666666666664,18.555391311645508,0.3165126481411901,4.751429807949225,0.20552402105233544,0.44320726732049576,R7_kitchen_sink,0.5,2,probe_R7_A00
0.9333333333333333,187.1,43.18547439575195,0.23673946134249366,24.103440616077844,0.20266666666666666,0.728,R7_kitchen_sink,0.5,2,probe_R4_A00
0.033333333333333326,60.8,19.228548049926758,0.32749395223459943,4.9910688862576205,0.07780305113249758,0.6498625542715328,R7_kitchen_sink,0.5,3,probe_R7_A00
0.9,180.3,20.984722137451172,0.13745418201174056,25.36503646583784,0.03866666666666667,0.8355952380952381,R7_kitchen_sink,0.5,3,probe_R4_A00
0.0,48.9,16.162673950195312,0.34156467899151843,4.722919362802886,0.09064721155826981,0.6870682929333808,R7_kitchen_sink,0.5,4,probe_R7_A00
0.8333333333333334,167.63333333333333,21.50103187561035,0.16915316833768573,23.670208381372785,0.06216666666666667,0.8369761904761904,R7_kitchen_sink,0.5,4,probe_R4_A00
0.033333333333333326,76.53333333333333,22.2983341217041,0.299591098262206,6.051428016897804,0.09415550956960082,0.7187085865393418,R7_kitchen_sink,0.5,5,probe_R7_A00
0.8333333333333334,168.46666666666667,39.10138702392578,0.25274210817026027,20.439271222004585,0.14237037037037037,0.6745,R7_kitchen_sink,0.5,5,probe_R4_A00
0.43333333333333335,109.76666666666667,29.862396240234375,0.31447983827454845,7.213594483103746,0.13334236947791164,0.5839444496131243,R7_kitchen_sink,0.5,6,probe_R7_A00
0.8666666666666667,174.63333333333333,24.227489471435547,0.15767574740780727,23.53519727502929,0.03933333333333333,0.8115,R7_kitchen_sink,0.5,6,probe_R4_A00
0.7666666666666666,159.73333333333332,21.4453067779541,0.1874106635447965,11.314698131914527,0.025000000000000005,0.7725539906103286,R7_kitchen_sink,0.5,7,probe_R7_A00
0.8333333333333334,167.43333333333334,20.737911224365234,0.16814168678389654,20.854468962316158,0.03133333333333333,0.785,R7_kitchen_sink,0.5,7,probe_R4_A00
0.7666666666666666,155.56666666666666,41.95863723754883,0.28172794511951604,9.842985532175028,0.065,0.7122962962962963,R7_kitchen_sink,0.5,8,probe_R7_A00
0.8,163.5,29.093862533569336,0.20218878556333944,18.0434917183854,0.10242982456140351,0.718551282051282,R7_kitchen_sink,0.5,8,probe_R4_A00
0.6666666666666667,137.5,22.547712326049805,0.20554102337947958,11.442578814978335,0.05450000000000001,0.6753333333333332,R7_kitchen_sink,0.5,9,probe_R7_A00
0.8333333333333334,174.26666666666668,43.0816650390625,0.25464104614785055,16.079696071226838,0.06115846994535518,0.7407338280557817,R7_kitchen_sink,0.5,9,probe_R4_A00
0.7,143.2,19.395050048828125,0.20362094037576442,10.154830406476304,0.06798245614035088,0.6985820105820104,R7_kitchen_sink,0.5,10,probe_R7_A00
0.8666666666666667,173.8,22.135271072387695,0.16124717368019953,21.425947750409446,0.03150000000000001,0.828,R7_kitchen_sink,0.5,10,probe_R4_A00
0.7333333333333334,163.16666666666666,23.0982723236084,0.18211730422057362,10.31592692138483,0.04081481481481482,0.755780487804878,R7_kitchen_sink,0.5,11,probe_R7_A00
0.8666666666666667,174.0,36.72319030761719,0.2279402030157664,17.081012393860593,0.14466666666666667,0.6321666666666667,R7_kitchen_sink,0.5,11,probe_R4_A00
0.033333333333333326,54.93333333333333,16.3236026763916,0.32460970309108406,4.992928475475931,0.08135190356121356,0.6487285673519427,R7_kitchen_sink,0.5,12,probe_R7_A00
0.8,160.86666666666667,23.968000411987305,0.20021966866652172,22.33694985617532,0.0071666666666666675,0.8493333333333334,R7_kitchen_sink,0.5,12,probe_R4_A00
0.06666666666666665,77.2,16.2074031829834,0.2644557658347562,6.598027961173189,0.04628387528697931,0.6549198404041671,R7_kitchen_sink,0.5,13,probe_R7_A00
0.9666666666666667,193.73333333333332,30.58984375,0.16076577674018014,21.869861341688367,0.03666666666666667,0.8411666666666665,R7_kitchen_sink,0.5,13,probe_R4_A00
0.09999999999999998,76.2,17.846712112426758,0.2684587873248784,6.1256200733274735,0.06071904818047371,0.7773396549171676,R7_kitchen_sink,0.5,14,probe_R7_A00
0.8666666666666667,173.66666666666666,26.303924560546875,0.17930725915659043,24.1373461199488,0.05164285714285714,0.8646666666666666,R7_kitchen_sink,0.5,14,probe_R4_A00
0.8333333333333334,167.26666666666668,21.61567497253418,0.17132724561010088,14.103180328259391,0.026000000000000002,0.786,R7_kitchen_sink,0.5,15,probe_R7_A00
0.0,66.16666666666667,19.53826904296875,0.31627250358689596,5.320509550549053,0.07320457065397469,0.6874989953495941,R7_kitchen_sink,0.5,15,probe_R4_A00
0.7666666666666666,160.6,20.4964656829834,0.15599043188403602,9.757790530918774,0.032357142857142855,0.8592791873889435,R7_kitchen_sink,0.5,16,probe_R7_A00
0.9,180.6,31.291561126708984,0.19243422149728848,24.569446696731788,0.033,0.8078333333333334,R7_kitchen_sink,0.5,16,probe_R4_A00
0.6333333333333333,150.93333333333334,19.954648971557617,0.18260751215538648,13.354613576504667,0.028000000000000004,0.8521389228886168,R7_kitchen_sink,0.5,17,probe_R7_A00
0.43333333333333335,119.33333333333333,22.470664978027344,0.2384023649765906,14.424801435024676,0.083165404937793,0.7816238939190627,R7_kitchen_sink,0.5,17,probe_R4_A00
0.7,153.26666666666668,21.621723175048828,0.19167255520230644,13.901024502900423,0.06622319688109163,0.7550351544767551,R7_kitchen_sink,0.5,18,probe_R7_A00
0.0,63.9,20.3835506439209,0.3435763589722459,4.951693727800656,0.14537689744776966,0.5674965020726901,R7_kitchen_sink,0.5,18,probe_R4_A00
0.2666666666666667,131.63333333333333,28.11800193786621,0.2462501223422321,8.663212644908729,0.06615640140506884,0.7547527174684101,R7_kitchen_sink,0.5,19,probe_R7_A00
0.8,160.76666666666668,41.40637969970703,0.2809540391983809,20.340078875418065,0.06329629629629628,0.7938333333333333,R7_kitchen_sink,0.5,19,probe_R4_A00
0.6333333333333333,160.9,23.573448181152344,0.17671890141872076,13.86711493167296,0.08056298003072196,0.7943669228104738,R7_kitchen_sink,0.05,0,probe_R7_A00
0.0,70.5,22.23373031616211,0.3250935178117825,5.62915248810641,0.08315739567409655,0.6651125229318613,R7_kitchen_sink,0.05,0,probe_R4_A00
0.7,150.7,22.664573669433594,0.21148707116745824,12.611094621423575,0.06133333333333333,0.7285740740740742,R7_kitchen_sink,0.05,1,probe_R7_A00
0.0,87.6,26.38170051574707,0.30602256526104277,6.085426500435725,0.09674539411323364,0.6882269793751381,R7_kitchen_sink,0.05,1,probe_R4_A00
0.0,58.93333333333333,17.454113006591797,0.3215255853934567,4.624407270793957,0.10616106177457167,0.5424263053699611,R7_kitchen_sink,0.05,2,probe_R7_A00
0.8,161.5,32.311859130859375,0.22388974502028905,20.03263870196057,0.01790740740740741,0.7459999999999999,R7_kitchen_sink,0.05,2,probe_R4_A00
0.5666666666666667,119.7,15.499735832214355,0.23533398525564406,8.72800875136396,0.06768518518518518,0.7382867564534231,R7_kitchen_sink,0.05,3,probe_R7_A00
0.9333333333333333,187.3,22.694114685058594,0.13931251201123904,22.417541709032925,0.026833333333333334,0.8611212121212122,R7_kitchen_sink,0.05,3,probe_R4_A00
0.7333333333333334,159.13333333333333,30.85657501220703,0.23132081003548938,14.09684910713866,0.05433333333333333,0.738482456140351,R7_kitchen_sink,0.05,4,probe_R7_A00
0.0,73.3,24.201637268066406,0.3365324142650021,5.681034856857865,0.12977021256917,0.59182098819485,R7_kitchen_sink,0.05,4,probe_R4_A00
0.0,49.4,16.73253631591797,0.35096709190220843,4.815475785892019,0.1283762176280973,0.5357009898871686,R7_kitchen_sink,0.05,5,probe_R7_A00
0.9333333333333333,187.0,36.41040802001953,0.20967489865091113,25.404785749117536,0.027833333333333335,0.8769444444444443,R7_kitchen_sink,0.05,5,probe_R4_A00
0.8,168.53333333333333,22.829193115234375,0.16982137516023943,15.427427985199534,0.03883333333333334,0.8279355742296919,R7_kitchen_sink,0.05,6,probe_R7_A00
0.0,69.06666666666666,19.653667449951172,0.3044321598117437,5.394015054529748,0.14058002947565654,0.6078506959910553,R7_kitchen_sink,0.05,6,probe_R4_A00
0.7,178.9,37.730587005615234,0.21036109249827384,12.483146954253431,0.03548238655144732,0.8492002129556849,R7_kitchen_sink,0.05,7,probe_R7_A00
0.8333333333333334,174.56666666666666,49.425315856933594,0.2838994992867223,19.846860220933003,0.027666666666666666,0.8578162325004429,R7_kitchen_sink,0.05,7,probe_R4_A00
0.7666666666666666,164.16666666666666,24.550739288330078,0.18434808271362646,14.85110979224715,0.049074879227053135,0.8216012447920661,R7_kitchen_sink,0.05,8,probe_R7_A00
0.0,82.5,24.352529525756836,0.30166873556972057,5.988819865483238,0.06704918622597787,0.7125452847805416,R7_kitchen_sink,0.05,8,probe_R4_A00
0.0,50.8,17.538402557373047,0.3490654923533595,4.687722131864217,0.13953969247071266,0.563417769258821,R7_kitchen_sink,0.05,9,probe_R7_A00
0.8333333333333334,167.73333333333332,24.979581832885742,0.18335981903757365,23.405098102857195,0.029166666666666667,0.7950555555555555,R7_kitchen_sink,0.05,9,probe_R4_A00
0.16666666666666663,119.3,19.573389053344727,0.2043225581014793,9.23676582809294,0.04207888593877174,0.7225765711522747,R7_kitchen_sink,0.1,0,probe_R7_A00
0.9,180.4,25.518775939941406,0.16142354663213096,20.943618333180744,0.039,0.8098333333333333,R7_kitchen_sink,0.1,0,probe_R4_A00
0.7666666666666666,168.3,20.006738662719727,0.15804268723729537,15.09282366008195,0.07283333333333332,0.8104322663729967,R7_kitchen_sink,0.1,1,probe_R7_A00
0.0,61.766666666666666,18.942846298217773,0.33221735202470687,4.773964929754131,0.08160186218601422,0.6281873950154561,R7_kitchen_sink,0.1,1,probe_R4_A00
0.7666666666666666,184.0,22.199098587036133,0.12106284213745486,14.671630894075607,0.03183333333333333,0.8940717081510517,R7_kitchen_sink,0.1,2,probe_R7_A00
0.0,60.3,18.953466415405273,0.3321603106442627,4.554412208469837,0.05444850523798171,0.7064535655255582,R7_kitchen_sink,0.1,2,probe_R4_A00
0.033333333333333326,121.93333333333334,23.764965057373047,0.22659411352790354,8.808879431295631,0.04348184209789537,0.7836022882581477,R7_kitchen_sink,0.1,3,probe_R7_A00
0.9666666666666667,193.4,31.734169006347656,0.17091701614856722,22.073003628412884,0.034666666666666665,0.906,R7_kitchen_sink,0.1,3,probe_R4_A00
0.9333333333333333,192.06666666666666,23.231229782104492,0.13092934822786279,16.20037799735639,0.02934905660377358,0.864488469601677,R7_kitchen_sink,0.1,4,probe_R7_A00
0.0,60.3,17.97394371032715,0.30535098533834637,5.450944003708211,0.06944087504403067,0.7488632544459807,R7_kitchen_sink,0.1,4,probe_R4_A00
0.09999999999999998,65.83333333333333,17.787416458129883,0.2760191773603674,4.907058662984549,0.11003634504150218,0.6691484924588511,R7_kitchen_sink,0.1,5,probe_R7_A00
0.43333333333333335,116.03333333333333,29.706159591674805,0.2804654496294095,10.024444000094586,0.11721429783215852,0.4848101572189184,R7_kitchen_sink,0.1,5,probe_R4_A00
0.0,50.03333333333333,17.225826263427734,0.34690628483156644,4.730965934518079,0.221416929660008,0.5010094375804562,R7_kitchen_sink,0.1,6,probe_R7_A00
0.9666666666666667,193.53333333333333,25.649648666381836,0.1416293281449212,27.355964072757292,0.028500000000000004,0.8995000000000001,R7_kitchen_sink,0.1,6,probe_R4_A00
0.7,150.33333333333334,18.860904693603516,0.1885413467948637,10.180700085159742,0.05816666666666667,0.8234422244422245,R7_kitchen_sink,0.1,7,probe_R7_A00
0.9,180.66666666666666,24.30632209777832,0.1638793556646064,22.014362386809452,0.03216666666666667,0.7845,R7_kitchen_sink,0.1,7,probe_R4_A00
0.0,64.9,20.94537353515625,0.3233666921798644,5.27757365168073,0.13760519219527,0.5702740355818307,R7_kitchen_sink,0.1,8,probe_R7_A00
0.8333333333333334,167.43333333333334,52.000545501708984,0.31549274967965624,21.521279943451045,0.09516666666666665,0.622904761904762,R7_kitchen_sink,0.1,8,probe_R4_A00
0.0,68.16666666666667,21.044504165649414,0.3260583356796989,5.149059556400844,0.09350574972234307,0.512137747731273,R7_kitchen_sink,0.1,9,probe_R7_A00
0.8333333333333334,168.13333333333333,45.14334487915039,0.29314687669718703,19.72764622571733,0.09183333333333334,0.5519074074074074,R7_kitchen_sink,0.1,9,probe_R4_A00
0.1333333333333333,115.36666666666666,21.867244720458984,0.22275736911283575,8.53259875240574,0.03749984434246599,0.7816294164711853,R7_kitchen_sink,0.25,0,probe_R7_A00
0.9333333333333333,187.33333333333334,27.236858367919922,0.16391423765818278,22.22977861531576,0.07766666666666668,0.8059999999999998,R7_kitchen_sink,0.25,0,probe_R4_A00
0.0,58.96666666666667,19.729272842407227,0.33469425839187333,4.574681737897671,0.10116751121430201,0.6679412248948068,R7_kitchen_sink,0.25,1,probe_R7_A00
0.8333333333333334,167.63333333333333,34.000484466552734,0.22621036131293687,22.545225175998826,0.04216666666666667,0.7576666666666667,R7_kitchen_sink,0.25,1,probe_R4_A00
0.19999999999999996,138.1,24.11224937438965,0.1862008431514689,9.875490984104962,0.04468653372368985,0.815773147534986,R7_kitchen_sink,0.25,2,probe_R7_A00
0.8333333333333334,167.46666666666667,47.41230773925781,0.3013044781489347,20.030726265445594,0.04200000000000001,0.7743915343915345,R7_kitchen_sink,0.25,2,probe_R4_A00
0.43333333333333335,141.16666666666666,29.2901611328125,0.2349313586817487,10.572639833075632,0.06479856714943026,0.7951793764801345,R7_kitchen_sink,0.25,3,probe_R7_A00
0.4,111.2,22.0224552154541,0.2647855474720787,10.96252727692009,0.1330817379777127,0.6581693976266703,R7_kitchen_sink,0.25,3,probe_R4_A00
0.7,143.5,21.481536865234375,0.21808396001257216,9.794572540161877,0.049134920634920635,0.7292099567099567,R7_kitchen_sink,0.25,4,probe_R7_A00
0.9,180.6,34.307472229003906,0.21038611563929802,22.026399777589017,0.04983333333333335,0.8357962962962963,R7_kitchen_sink,0.25,4,probe_R4_A00
0.09999999999999998,109.4,18.596942901611328,0.2170199309118611,8.50393094090462,0.04745844818544028,0.8162560203781014,R7_kitchen_sink,0.25,5,probe_R7_A00
0.9333333333333333,187.0,23.644346237182617,0.14391357173743072,22.189273292294253,0.04483333333333333,0.8606111111111111,R7_kitchen_sink,0.25,5,probe_R4_A00
0.8,165.86666666666667,35.2121467590332,0.22982353234083855,13.001584196045451,0.03311904761904762,0.7820000000000001,R7_kitchen_sink,0.25,6,probe_R7_A00
0.2666666666666667,113.33333333333333,30.67409324645996,0.2928562642534097,7.0170501175552324,0.15179391811775814,0.6361954101905717,R7_kitchen_sink,0.25,6,probe_R4_A00
0.30000000000000004,116.23333333333333,29.726539611816406,0.2947760035023672,7.894468593050151,0.03948991030877905,0.7036375101378395,R7_kitchen_sink,0.25,7,probe_R7_A00
0.8666666666666667,174.16666666666666,42.75619888305664,0.26742946227202335,14.933313102252898,0.03716666666666667,0.8095,R7_kitchen_sink,0.25,7,probe_R4_A00
0.7333333333333334,162.9,19.326587677001953,0.15059289481097932,14.19245876630183,0.0275,0.8389676173499703,R7_kitchen_sink,0.25,8,probe_R7_A00
0.06666666666666665,75.96666666666667,23.964445114135742,0.32844442423326886,6.340008283121633,0.09217099296646311,0.6547859041530706,R7_kitchen_sink,0.25,8,probe_R4_A00
0.6666666666666667,154.9,18.677141189575195,0.15547625108271954,12.940829561389394,0.027,0.7524805637848999,R7_kitchen_sink,0.25,9,probe_R7_A00
0.1333333333333333,101.53333333333333,28.924882888793945,0.29403088323415855,6.481901056107394,0.0815734303929218,0.714945959570661,R7_kitchen_sink,0.25,9,probe_R4_A00
0.0,58.03333333333333,18.774431228637695,0.34650664351728794,5.401079720878877,0.13510782876796534,0.5662967816090259,R7_no_coverage,0.0,0,probe_R7_A00
0.8333333333333334,166.86666666666667,20.216936111450195,0.16004206844170887,23.81047589683533,0.026500000000000003,0.8975000000000002,R7_no_coverage,0.0,0,probe_R4_A00
0.033333333333333326,81.16666666666667,18.308671951293945,0.2597571404071493,5.759092746149724,0.03391643829107237,0.6409158838089108,R7_no_coverage,0.0,1,probe_R7_A00
0.8666666666666667,175.0,36.08033752441406,0.22353402053122912,19.657728401563904,0.027166666666666665,0.754,R7_no_coverage,0.0,1,probe_R4_A00
0.23333333333333328,92.56666666666666,17.53496551513672,0.27746242821662154,7.077859560620647,0.14762282886897748,0.6547070344709168,R7_no_coverage,0.0,2,probe_R7_A00
0.6,136.26666666666668,20.03592872619629,0.2200303585830106,18.42445138037584,0.05296309567453496,0.7218963906338834,R7_no_coverage,0.0,2,probe_R4_A00
0.7666666666666666,174.13333333333333,30.376140594482422,0.19551656212498977,14.392141111197846,0.06966149068322981,0.8470740165631468,R7_no_coverage,0.0,3,probe_R7_A00
0.0,59.63333333333333,19.10230827331543,0.339708368718882,4.804160559396718,0.07854923879763769,0.6072701785737825,R7_no_coverage,0.0,3,probe_R4_A00
0.1333333333333333,84.23333333333333,15.231973648071289,0.27324660610632123,6.967299240809572,0.06485287124940223,0.6666686587587075,R7_no_coverage,0.0,4,probe_R7_A00
0.8333333333333334,168.26666666666668,21.705089569091797,0.17549038249864893,20.06336456812959,0.045954545454545456,0.7712301587301587,R7_no_coverage,0.0,4,probe_R4_A00
0.7666666666666666,164.46666666666667,24.04913902282715,0.19043299901841118,14.007786640509325,0.08676388888888889,0.7687777777777778,R7_no_coverage,0.0,5,probe_R7_A00
0.0,66.63333333333334,20.318449020385742,0.3164684851412634,5.154593233838215,0.0707929628705432,0.7096822710538068,R7_no_coverage,0.0,5,probe_R4_A00
0.09999999999999998,62.5,14.1106595993042,0.2737039945720467,5.03354164580632,0.14529302029302027,0.5501641630571802,R7_no_coverage,0.0,6,probe_R7_A00
0.9333333333333333,188.66666666666666,26.716552734375,0.15042615693369832,22.351743284163504,0.025,0.8472683615819209,R7_no_coverage,0.0,6,probe_R4_A00
0.5,109.36666666666666,16.930633544921875,0.22463683797159034,7.681529033204841,0.1697100756670649,0.6897894736842106,R7_no_coverage,0.0,7,probe_R7_A00
0.9666666666666667,195.13333333333333,26.958980560302734,0.1383750794728597,22.2702159235448,0.06566666666666666,0.6871666666666667,R7_no_coverage,0.0,7,probe_R4_A00
0.033333333333333326,50.833333333333336,15.459399223327637,0.34326902647000074,5.1207770842549785,0.10685897580494613,0.5188615367127042,R7_no_coverage,0.0,8,probe_R7_A00
0.9,183.73333333333332,20.882320404052734,0.13893647095736336,25.997298960012547,0.03298039215686274,0.8516928104575162,R7_no_coverage,0.0,8,probe_R4_A00
0.0,53.03333333333333,17.764909744262695,0.3478435237368202,4.796905196568838,0.09788643985776226,0.6453694172273055,R7_no_coverage,0.0,9,probe_R7_A00
0.9666666666666667,193.53333333333333,21.1285400390625,0.11989820236629913,27.6241716287401,0.0395,0.8581666666666666,R7_no_coverage,0.0,9,probe_R4_A00
0.6333333333333333,159.23333333333332,19.62392234802246,0.16060222225354828,13.38374336013194,0.05516666666666667,0.7988665737374541,R7_no_coverage,0.5,0,probe_R7_A00
0.0,58.0,17.36610984802246,0.3349127636726028,4.960044211795949,0.10662614298985709,0.6742258667815048,R7_no_coverage,0.5,0,probe_R4_A00
0.6666666666666667,142.83333333333334,24.76416778564453,0.20385659860813868,11.505178156015885,0.06949999999999999,0.6853333333333332,R7_no_coverage,0.5,1,probe_R7_A00
0.033333333333333326,92.7,26.7152156829834,0.2992148241796624,6.631688751330472,0.08574115770700333,0.5813712689680444,R7_no_coverage,0.5,1,probe_R4_A00
0.3666666666666667,133.86666666666667,27.546791076660156,0.24331643014756313,9.285130732202619,0.09079975806413423,0.7113805562379903,R7_no_coverage,0.5,2,probe_R7_A00
0.8333333333333334,167.73333333333332,21.32113265991211,0.17398707377910613,19.962561584790546,0.062000000000000006,0.8233333333333335,R7_no_coverage,0.5,2,probe_R4_A00
0.0,50.2,16.88698959350586,0.3492887978397189,4.401444199975446,0.08201182699036615,0.6080436884353214,R7_no_coverage,0.5,3,probe_R7_A00
0.8666666666666667,174.4,36.21577072143555,0.22127682590926137,20.40008508851793,0.1235,0.5228333333333334,R7_no_coverage,0.5,3,probe_R4_A00
0.0,46.9,15.920562744140625,0.3517653669777484,4.4158662916822236,0.14017970310669073,0.5546346422499966,R7_no_coverage,0.5,4,probe_R7_A00
0.9666666666666667,193.6,39.897884368896484,0.21120985380808516,25.65928654384613,0.037333333333333336,0.8096666666666669,R7_no_coverage,0.5,4,probe_R4_A00
0.0,46.43333333333333,15.166604995727539,0.3317812538220172,4.851202783076242,0.15826761811170448,0.5159726369687416,R7_no_cov_urg,0.0,0,probe_R7_A00
0.9,180.7,29.84186553955078,0.17775448291951962,24.82959617803314,0.033666666666666664,0.8236666666666665,R7_no_cov_urg,0.0,0,probe_R4_A00
0.8333333333333334,176.7,28.411556243896484,0.17004423104183708,15.167125597170633,0.022166666666666668,0.8196899641577061,R7_no_cov_urg,0.0,1,probe_R7_A00
0.0,65.63333333333334,21.791540145874023,0.3429671673560645,4.8658898919753435,0.10277049040718,0.5698813266962272,R7_no_cov_urg,0.0,1,probe_R4_A00
0.7666666666666666,164.56666666666666,36.34658432006836,0.25076898386283314,11.50038698080739,0.06433333333333334,0.7986653784811679,R7_no_cov_urg,0.0,2,probe_R7_A00
0.6333333333333333,141.7,39.59165573120117,0.30306283367163717,15.174371139726855,0.07442857142857144,0.7240185185185185,R7_no_cov_urg,0.0,2,probe_R4_A00
0.0,48.6,16.183605194091797,0.34478074315286794,4.68465582265013,0.12110783916728739,0.5914873880292592,R7_no_cov_urg,0.0,3,probe_R7_A00
0.8666666666666667,173.93333333333334,24.841943740844727,0.17459447389557245,24.42439193160193,0.029833333333333333,0.8257619047619047,R7_no_cov_urg,0.0,3,probe_R4_A00
0.8,167.13333333333333,22.674318313598633,0.16944310261765472,10.56810514149557,0.14070449172576835,0.7515,R7_no_cov_urg,0.0,4,probe_R7_A00
1.0,200.0,27.853355407714844,0.13926678776741028,23.730318359374998,0.031000000000000003,0.7975,R7_no_cov_urg,0.0,4,probe_R4_A00
0.23333333333333328,96.86666666666666,19.952880859375,0.2270244368148755,6.596429377545939,0.042384483079509934,0.756341234039012,R7_no_cov_urg,0.0,5,probe_R7_A00
0.6,134.33333333333334,26.51695442199707,0.21617577653859596,13.905596152807474,0.16733333333333336,0.5719663299663299,R7_no_cov_urg,0.0,5,probe_R4_A00
0.09999999999999998,130.5,22.09114646911621,0.1845422419721777,8.881481578190519,0.028441986113133356,0.8551514562856248,R7_no_cov_urg,0.0,6,probe_R7_A00
0.8333333333333334,170.9,39.21516418457031,0.2509524726839702,19.83302743410572,0.04933333333333333,0.8869152542372881,R7_no_cov_urg,0.0,6,probe_R4_A00
0.6666666666666667,150.86666666666667,18.134035110473633,0.1752389422822105,11.968191046762046,0.06387878787878788,0.7037869580561888,R7_no_cov_urg,0.0,7,probe_R7_A00
0.0,80.36666666666666,24.707223892211914,0.32944505106963873,5.786153982026216,0.1389299116447153,0.5898858646419156,R7_no_cov_urg,0.0,7,probe_R4_A00
0.7333333333333334,155.66666666666666,30.350900650024414,0.23899924228733335,12.278964662310438,0.04616666666666666,0.6905992812219227,R7_no_cov_urg,0.0,8,probe_R7_A00
0.0,67.5,21.561853408813477,0.3473955450918325,4.979814518820472,0.09558404298386095,0.5910944326044785,R7_no_cov_urg,0.0,8,probe_R4_A00
0.0,56.86666666666667,19.473020553588867,0.3585112318963562,4.899772195016895,0.14157001155408627,0.470017017054788,R7_no_cov_urg,0.0,9,probe_R7_A00
0.8666666666666667,174.3,23.70680046081543,0.16851873784595067,24.723635828734704,0.07735714285714287,0.752,R7_no_cov_urg,0.0,9,probe_R4_A00
0.0,50.93333333333333,17.77309226989746,0.3630205090645902,4.610816010616679,0.10423145213513928,0.513532276701785,R7_no_urgency,0.0,0,probe_R7_A00
0.8666666666666667,173.8,41.83617401123047,0.25861184932125936,23.687662621047764,0.06977777777777777,0.7986666666666664,R7_no_urgency,0.0,0,probe_R4_A00
0.7666666666666666,157.93333333333334,27.5767879486084,0.20407588370971766,13.935480269754395,0.07075925925925926,0.6621666666666667,R7_no_urgency,0.0,1,probe_R7_A00
0.16666666666666663,99.7,29.95439910888672,0.2990242774863801,7.733861822240499,0.06981888176110322,0.7232539019083617,R7_no_urgency,0.0,1,probe_R4_A00
0.7333333333333334,155.26666666666668,31.248844146728516,0.22847717663470704,13.36680317544332,0.04583333333333333,0.7109197530864197,R7_no_urgency,0.0,2,probe_R7_A00
0.1333333333333333,82.9,22.03424835205078,0.30900786006828596,6.78886842291054,0.10907195113959224,0.6484380195666893,R7_no_urgency,0.0,2,probe_R4_A00
0.6666666666666667,158.8,27.176918029785156,0.2047740834276212,13.123216174391557,0.03183417085427136,0.7960158826259813,R7_no_urgency,0.0,3,probe_R7_A00
0.0,59.03333333333333,19.367977142333984,0.3520488663356812,4.757619620584644,0.08001106221944033,0.6063779382546918,R7_no_urgency,0.0,3,probe_R4_A00
0.33333333333333337,100.63333333333334,13.512688636779785,0.23962208610394142,7.716668719774939,0.05225169131980278,0.7925221697951502,R7_no_urgency,0.0,4,probe_R7_A00
0.0,56.333333333333336,19.48748016357422,0.3570447785172512,4.874141816938543,0.09389796912689886,0.5507154706766767,R7_no_urgency,0.0,4,probe_R4_A00
0.7333333333333334,153.4,25.161487579345703,0.2161046702981226,9.7838462809435,0.045983356774496026,0.7558375527426159,R7_no_urgency,0.0,5,probe_R7_A00
0.9333333333333333,187.4,43.69096755981445,0.24599007981183527,23.206833353982695,0.025166666666666667,0.8301666666666667,R7_no_urgency,0.0,5,probe_R4_A00
0.0,53.666666666666664,18.15109634399414,0.3403104426912823,4.688505536090793,0.10347787611396696,0.6059880624188242,R7_no_urgency,0.0,6,probe_R7_A00
1.0,200.0,42.74530029296875,0.21372650162378948,24.09888916015625,0.16683333333333333,0.5594999999999999,R7_no_urgency,0.0,6,probe_R4_A00
0.7,162.63333333333333,22.626972198486328,0.17652015659626097,13.742506538275586,0.04516666666666667,0.8025801975801977,R7_no_urgency,0.0,7,probe_R7_A00
0.0,71.5,23.816219329833984,0.3416415666533721,5.184475785501433,0.1063420053264083,0.6267879002137003,R7_no_urgency,0.0,7,probe_R4_A00
0.7,144.5,20.712926864624023,0.21084476985352088,9.125027795878376,0.10489886039886039,0.7421481481481482,R7_no_urgency,0.0,8,probe_R7_A00
0.8666666666666667,174.3,20.461214065551758,0.1554631115683803,21.492555775377486,0.029500000000000002,0.8408148148148149,R7_no_urgency,0.0,8,probe_R4_A00
0.0,53.766666666666666,17.14383888244629,0.33508324315142546,4.805319903681403,0.08936456708978677,0.6672347766527981,R7_no_urgency,0.0,9,probe_R7_A00
0.9333333333333333,186.93333333333334,24.17617416381836,0.14660473589102424,26.017077888324145,0.0315,0.8423333333333333,R7_no_urgency,0.0,9,probe_R4_A00
0.0,54.43333333333333,17.59082794189453,0.3374355562885069,4.720766812600177,0.10097522952888337,0.7149866343690904,R7sk_R4hd,0.0,0,probe_R7_A00
0.9333333333333333,186.93333333333334,22.965452194213867,0.1404793322029568,26.706594954888025,0.03716666666666667,0.856,R7sk_R4hd,0.0,0,probe_R4_A00
0.06666666666666665,111.33333333333333,23.898815155029297,0.24672345440856078,8.057422115596504,0.04169680785630026,0.7597673802552557,R7sk_R4hd,0.0,1,probe_R7_A00
0.8666666666666667,173.93333333333334,25.704906463623047,0.18042509257793424,20.571451701164243,0.06133333333333334,0.8130000000000002,R7sk_R4hd,0.0,1,probe_R4_A00
0.16666666666666663,113.63333333333334,23.559335708618164,0.263746160477493,8.68121280538196,0.08783367173808997,0.7280239569378171,R7sk_R4hd,0.0,2,probe_R7_A00
0.9,180.76666666666668,23.901546478271484,0.16207709447984345,21.281500979953343,0.07866666666666666,0.788,R7sk_R4hd,0.0,2,probe_R4_A00
0.0,66.16666666666667,22.656641006469727,0.3419755602758637,4.71056419424004,0.13935219343749233,0.5273686285408324,R7sk_R4hd,0.0,3,probe_R7_A00
0.8333333333333334,168.36666666666667,40.70782470703125,0.25926407844082916,21.848496227786068,0.13333333333333333,0.6616666666666666,R7sk_R4hd,0.0,3,probe_R4_A00
0.8666666666666667,180.46666666666667,31.1761474609375,0.18677863800766492,15.074694172403428,0.05866666666666666,0.7758164983164982,R7sk_R4hd,0.0,4,probe_R7_A00
0.0,70.73333333333333,22.139535903930664,0.3217532956297323,5.773696905886543,0.13887211415539283,0.6951213259775514,R7sk_R4hd,0.0,4,probe_R4_A00
0.5666666666666667,126.83333333333333,16.811264038085938,0.22353260296637417,10.796299674447427,0.18512854030501089,0.6603104575163399,R7sk_R4hd,0.0,5,probe_R7_A00
0.0,67.03333333333333,20.4091854095459,0.3198767491805335,5.259262367347647,0.08935636232120382,0.6761223561405233,R7sk_R4hd,0.0,5,probe_R4_A00
0.7666666666666666,171.9,20.40444564819336,0.14713042671923512,14.307976065898588,0.0255,0.8455202326246865,R7sk_R4hd,0.0,6,probe_R7_A00
0.0,64.6,19.68929672241211,0.3190270400940664,5.378299306595479,0.10951641231743932,0.6662566521262571,R7sk_R4hd,0.0,6,probe_R4_A00
0.16666666666666663,109.86666666666666,20.934114456176758,0.238195712685911,8.468941550061908,0.042949489113000346,0.7101498847698049,R7sk_R4hd,0.0,7,probe_R7_A00
0.8666666666666667,174.16666666666666,38.84376525878906,0.2490320529118933,19.78962832136668,0.041499999999999995,0.8213518518518518,R7sk_R4hd,0.0,7,probe_R4_A00
0.0,62.333333333333336,20.34209632873535,0.32863611446478935,4.957575667355569,0.15932726562597607,0.5377515312175217,R7sk_R4hd,0.0,8,probe_R7_A00
0.9666666666666667,193.73333333333332,40.34553146362305,0.21252698898315428,25.458854974110924,0.0645,0.8205000000000001,R7sk_R4hd,0.0,8,probe_R4_A00
0.16666666666666663,120.7,20.395915985107422,0.23218829607294952,8.796664532024085,0.10365230493680347,0.7860144488693255,R7sk_R4hd,0.0,9,probe_R7_A00
0.9333333333333333,187.5,23.85051918029785,0.14688999436883365,22.10918038790834,0.042470588235294114,0.8521666666666667,R7sk_R4hd,0.0,9,probe_R4_A00
0.7,164.6,23.520477294921875,0.17275936811335774,13.638861439670851,0.0704122349669795,0.7911360758415287,R7sk_R4hd,0.5,0,probe_R7_A00
0.033333333333333326,71.83333333333333,21.381378173828125,0.3182467484057785,5.742950249537425,0.08692621872283256,0.6179572348814905,R7sk_R4hd,0.5,0,probe_R4_A00
0.0,53.6,17.19140625,0.3351310302229621,4.95239715855432,0.1493365146493656,0.43526944927092803,R7sk_R4hd,0.5,1,probe_R7_A00
0.7,142.3,18.67225456237793,0.185727598256535,20.224677747938365,0.08933333333333332,0.6793333333333335,R7sk_R4hd,0.5,1,probe_R4_A00
0.6333333333333333,136.8,19.812469482421875,0.20438626626164022,12.928989844768079,0.045,0.7291613756613756,R7sk_R4hd,0.5,2,probe_R7_A00
0.0,66.23333333333333,21.914710998535156,0.3402348542417979,5.061849984063669,0.12095019517773282,0.5463239973661637,R7sk_R4hd,0.5,2,probe_R4_A00
0.30000000000000004,107.63333333333334,27.484045028686523,0.28077406521049497,7.676281961840486,0.05628315433651402,0.707489946117202,R7sk_R4hd,0.5,3,probe_R7_A00
0.0,67.53333333333333,19.870290756225586,0.30450212712708175,4.5811959754613465,0.0628833073390259,0.7619010298348468,R7sk_R4hd,0.5,3,probe_R4_A00
0.3666666666666667,131.23333333333332,36.88481521606445,0.3006280358814649,7.950519168255292,0.08614130810287178,0.5705544783874515,R7sk_R4hd,0.5,4,probe_R7_A00
0.8666666666666667,174.96666666666667,52.05778503417969,0.2996011205955988,16.48430687915226,0.12883333333333333,0.483,R7sk_R4hd,0.5,4,probe_R4_A00
0.7333333333333334,167.66666666666666,21.842470169067383,0.15526138820143234,14.165314771381516,0.06583333333333334,0.8259221037922503,R7sk_R4hd,0.5,5,probe_R7_A00
0.0,63.46666666666667,19.18486785888672,0.3301064503963464,5.217543116735021,0.08546338669444782,0.6807148678619992,R7sk_R4hd,0.5,5,probe_R4_A00
0.8,163.43333333333334,28.86927604675293,0.21529178788043835,14.194061791137413,0.08316666666666667,0.7061666666666667,R7sk_R4hd,0.5,6,probe_R7_A00
0.0,57.06666666666667,17.02545928955078,0.3178817128830175,4.709559178804356,0.09840588991054405,0.67955591670351,R7sk_R4hd,0.5,6,probe_R4_A00
0.7666666666666666,159.3,22.742828369140625,0.1711225276507634,9.467743357248184,0.09853751803751805,0.7608865546218488,R7sk_R4hd,0.5,7,probe_R7_A00
0.7333333333333334,149.23333333333332,23.075273513793945,0.21343443539470594,17.95871186692219,0.05573076923076923,0.6565555555555557,R7sk_R4hd,0.5,7,probe_R4_A00
0.7333333333333334,161.26666666666668,30.885873794555664,0.2056227640861656,12.650214073602775,0.06772222222222223,0.7439358974358974,R7sk_R4hd,0.5,8,probe_R7_A00
0.0,57.36666666666667,18.4830322265625,0.32929619803999277,4.557854338447083,0.0939408237187265,0.6131401025589582,R7sk_R4hd,0.5,8,probe_R4_A00
0.0,64.33333333333333,21.891571044921875,0.3363611196268352,5.196922602608168,0.0792204366288487,0.5515411289758949,R7sk_R4hd,0.5,9,probe_R7_A00
0.8333333333333334,168.16666666666666,31.276498794555664,0.21968702560253245,23.14167308082025,0.07533333333333332,0.7351666666666666,R7sk_R4hd,0.5,9,probe_R4_A00
0.7666666666666666,158.73333333333332,27.77253532409668,0.21442622072509537,10.483095269587768,0.027333333333333334,0.8301680486456606,R4_sparse_gaefix,0.0,0,probe_R7_A00
0.9333333333333333,187.0,41.92503356933594,0.23505528086707708,22.426122387114027,0.030500000000000003,0.8919999999999999,R4_sparse_gaefix,0.0,0,probe_R4_A00
0.0,42.36666666666667,15.220973014831543,0.36923300688984145,4.170603540524083,0.1418379385682336,0.5521612074429875,R4_sparse_gaefix,0.0,1,probe_R7_A00
0.8333333333333334,168.06666666666666,34.208152770996094,0.22800822708341817,23.70207082631853,0.0275,0.7316666666666667,R4_sparse_gaefix,0.0,1,probe_R4_A00
0.19999999999999996,74.36666666666666,17.999847412109375,0.3052902259314296,6.24423067788002,0.1589835842211857,0.51927651785727,R4_sparse_gaefix,0.0,2,probe_R7_A00
0.9666666666666667,193.63333333333333,39.95476531982422,0.21103805605570475,22.02171609044958,0.1295,0.6794999999999999,R4_sparse_gaefix,0.0,2,probe_R4_A00
0.7,149.0,16.678390502929688,0.1769792408602578,10.338530119578042,0.04733333333333333,0.7737916666666668,R4_sparse_gaefix,0.0,3,probe_R7_A00
0.9333333333333333,187.03333333333333,38.67536926269531,0.2190282576878865,21.727606615702307,0.0765,0.781,R4_sparse_gaefix,0.0,3,probe_R4_A00
0.7666666666666666,160.5,20.689483642578125,0.18632276128719832,10.821887996317399,0.016209981167608287,0.789764281230383,R4_sparse_gaefix,0.0,4,probe_R7_A00
0.8,161.46666666666667,36.816654205322266,0.2640409657866866,20.046942758348255,0.02333333333333333,0.8362592592592593,R4_sparse_gaefix,0.0,4,probe_R4_A00
0.7333333333333334,160.36666666666667,37.58821105957031,0.2579585118036499,11.495065086805907,0.15823662551440332,0.5967341439424773,R7_kitchen_sink_gaefix,0.0,0,probe_R7_A00
0.1333333333333333,91.9,26.3226375579834,0.3261270207889539,9.321709765412322,0.1811864220613107,0.5146545685575639,R7_kitchen_sink_gaefix,0.0,0,probe_R4_A00
0.0,52.333333333333336,16.666078567504883,0.3479753271154564,5.34022870478448,0.15298120693563888,0.51419402769571,R7_kitchen_sink_gaefix,0.0,1,probe_R7_A00
0.9,180.66666666666666,37.589942932128906,0.230176228821593,21.34130096214537,0.08283333333333333,0.33844444444444444,R7_kitchen_sink_gaefix,0.0,1,probe_R4_A00
0.6666666666666667,138.4,41.57788848876953,0.3065283924630162,8.936659622082516,0.14183333333333334,0.5830642701525055,R7_kitchen_sink_gaefix,0.0,2,probe_R7_A00
0.8,165.76666666666668,49.42355728149414,0.3031082874713694,14.33270358057092,0.15416666666666667,0.5528457556935817,R7_kitchen_sink_gaefix,0.0,2,probe_R4_A00
0.0,56.2,18.51713752746582,0.3386286262887488,4.909183175703286,0.07905704248618671,0.6294683575594947,R7_kitchen_sink_gaefix,0.0,3,probe_R7_A00
0.8666666666666667,173.9,21.7177734375,0.16002155453250522,24.278189357206934,0.05366666666666666,0.8388333333333333,R7_kitchen_sink_gaefix,0.0,3,probe_R4_A00
0.6,138.43333333333334,34.70925521850586,0.2583421006613949,6.818101825382044,0.48983333333333334,0.05900880910828554,R7_kitchen_sink_gaefix,0.0,4,probe_R7_A00
0.6333333333333333,151.9,38.49761962890625,0.26398161173283596,8.99195935118528,0.15176648625108868,0.5484313243049335,R7_kitchen_sink_gaefix,0.0,4,probe_R4_A00
