run_id,reward,A,seed,anchor_wr,own_wr,label
R4_sparse_A0_s0,R4_sparse,0.0,0,0.325,0.8666666666666667,over-specialization
R4_sparse_A0_s1,R4_sparse,0.0,1,0.10833333333333331,0.1666666666666666,basin
R4_sparse_A0_s10,R4_sparse,0.0,10,0.30833333333333335,0.2,basin
R4_sparse_A0_s11,R4_sparse,0.0,11,0.2833333333333333,0.1333333333333333,basin
R4_sparse_A0_s12,R4_sparse,0.0,12,0.06666666666666662,0.2,basin
R4_sparse_A0_s13,R4_sparse,0.0,13,0.3333333333333333,0.1,basin
R4_sparse_A0_s14,R4_sparse,0.0,14,0.35833333333333334,0.1666666666666666,basin
R4_sparse_A0_s15,R4_sparse,0.0,15,0.5750000000000001,0.1666666666666666,healthy
R4_sparse_A0_s16,R4_sparse,0.0,16,0.09999999999999998,0.7,mixed
R4_sparse_A0_s17,R4_sparse,0.0,17,0.31666666666666665,0.1666666666666666,basin
R4_sparse_A0_s18,R4_sparse,0.0,18,0.14166666666666664,0.8333333333333334,over-specialization
R4_sparse_A0_s19,R4_sparse,0.0,19,0.30833333333333335,0.2,basin
R4_sparse_A0_s2,R4_sparse,0.0,2,0.24166666666666664,0.5333333333333333,mixed
R4_sparse_A0_s3,R4_sparse,0.0,3,0.3083333333333333,0.4,basin
R4_sparse_A0_s4,R4_sparse,0.0,4,0.3916666666666666,0.1,basin
R4_sparse_A0_s5,R4_sparse,0.0,5,0.45833333333333326,0.8,over-specialization
R4_sparse_A0_s6,R4_sparse,0.0,6,0.3166666666666666,0.1333333333333333,basin
R4_sparse_A0_s7,R4_sparse,0.0,7,0.3166666666666667,0.1666666666666666,basin
R4_sparse_A0_s8,R4_sparse,0.0,8,0.49166666666666664,0.1666666666666666,basin
R4_sparse_A0_s9,R4_sparse,0.0,9,0.41666666666666663,0.1333333333333333,basin
R4_sparse_A50_s0,R4_sparse,0.5,0,0.2583333333333333,0.2,basin
R4_sparse_A50_s1,R4_sparse,0.5,1,0.175,0.1666666666666666,basin
R4_sparse_A50_s10,R4_sparse,0.5,10,0.21666666666666665,0.3,basin
R4_sparse_A50_s11,R4_sparse,0.5,11,0.12499999999999997,0.5666666666666667,mixed
R4_sparse_A50_s12,R4_sparse,0.5,12,0.175,0.2666666666666666,basin
R4_sparse_A50_s13,R4_sparse,0.5,13,0.3083333333333333,0.1666666666666666,basin
R4_sparse_A50_s14,R4_sparse,0.5,14,0.19166666666666662,0.3666666666666666,basin
R4_sparse_A50_s15,R4_sparse,0.5,15,0.22499999999999998,0.2,basin
R4_sparse_A50_s16,R4_sparse,0.5,16,0.37499999999999994,1.0,over-specialization
R4_sparse_A50_s17,R4_sparse,0.5,17,0.3416666666666666,0.4,basin
R4_sparse_A50_s18,R4_sparse,0.5,18,0.23333333333333328,0.1666666666666666,basin
R4_sparse_A50_s19,R4_sparse,0.5,19,0.27499999999999997,0.0333333333333333,basin
R4_sparse_A50_s2,R4_sparse,0.5,2,0.10833333333333328,0.4,basin
R4_sparse_A50_s3,R4_sparse,0.5,3,0.20833333333333331,0.6,mixed
R4_sparse_A50_s4,R4_sparse,0.5,4,0.6,0.5333333333333333,healthy
R4_sparse_A50_s5,R4_sparse,0.5,5,0.44999999999999996,0.8666666666666667,over-specialization
R4_sparse_A50_s6,R4_sparse,0.5,6,0.4333333333333333,0.8333333333333334,over-specialization
R4_sparse_A50_s7,R4_sparse,0.5,7,0.21666666666666665,0.3,basin
R4_sparse_A50_s8,R4_sparse,0.5,8,0.1833333333333333,0.0666666666666666,basin
R4_sparse_A50_s9,R4_sparse,0.5,9,0.36666666666666664,0.2,basin
R4_sparse_gaefix_A0_s0,R4_sparse_gaefix,0.0,0,0.3416666666666667,0.0333333333333333,basin
R4_sparse_gaefix_A0_s1,R4_sparse_gaefix,0.0,1,0.1333333333333333,0.0666666666666666,basin
R4_sparse_gaefix_A0_s2,R4_sparse_gaefix,0.0,2,0.3583333333333333,0.4333333333333333,basin
R4_sparse_gaefix_A0_s3,R4_sparse_gaefix,0.0,3,0.29166666666666663,0.1333333333333333,basin
R4_sparse_gaefix_A0_s4,R4_sparse_gaefix,0.0,4,0.2583333333333333,0.1666666666666666,basin
R7_kitchen_sink_A0_s0,R7_kitchen_sink,0.0,0,0.49166666666666664,1.0,over-specialization
R7_kitchen_sink_A0_s1,R7_kitchen_sink,0.0,1,0.8083333333333333,1.0,healthy
R7_kitchen_sink_A0_s10,R7_kitchen_sink,0.0,10,0.5499999999999999,0.0333333333333333,healthy
R7_kitchen_sink_A0_s11,R7_kitchen_sink,0.0,11,0.9916666666666667,1.0,healthy
R7_kitchen_sink_A0_s12,R7_kitchen_sink,0.0,12,0.40833333333333327,1.0,over-specialization
R7_kitchen_sink_A0_s13,R7_kitchen_sink,0.0,13,0.40833333333333327,0.4,basin
R7_kitchen_sink_A0_s14,R7_kitchen_sink,0.0,14,0.8500000000000001,1.0,healthy
R7_kitchen_sink_A0_s15,R7_kitchen_sink,0.0,15,0.4583333333333333,1.0,over-specialization
R7_kitchen_sink_A0_s16,R7_kitchen_sink,0.0,16,0.375,1.0,over-specialization
R7_kitchen_sink_A0_s17,R7_kitchen_sink,0.0,17,0.5416666666666667,1.0,healthy
R7_kitchen_sink_A0_s18,R7_kitchen_sink,0.0,18,0.5,1.0,healthy
R7_kitchen_sink_A0_s19,R7_kitchen_sink,0.0,19,0.625,1.0,healthy
R7_kitchen_sink_A0_s2,R7_kitchen_sink,0.0,2,0.95,1.0,healthy
R7_kitchen_sink_A0_s3,R7_kitchen_sink,0.0,3,0.5666666666666667,1.0,healthy
R7_kitchen_sink_A0_s4,R7_kitchen_sink,0.0,4,0.21666666666666665,0.2333333333333333,basin
R7_kitchen_sink_A0_s5,R7_kitchen_sink,0.0,5,0.4166666666666667,1.0,over-specialization
R7_kitchen_sink_A0_s6,R7_kitchen_sink,0.0,6,0.9666666666666667,1.0,healthy
R7_kitchen_sink_A0_s7,R7_kitchen_sink,0.0,7,0.925,0.9666666666666668,healthy
R7_kitchen_sink_A0_s8,R7_kitchen_sink,0.0,8,0.5916666666666667,1.0,healthy
R7_kitchen_sink_A0_s9,R7_kitchen_sink,0.0,9,0.3,0.9666666666666668,over-specialization
R7_kitchen_sink_A10_s0,R7_kitchen_sink,0.1,0,0.9166666666666667,1.0,healthy
R7_kitchen_sink_A10_s1,R7_kitchen_sink,0.1,1,0.3916666666666666,1.0,over-specialization
R7_kitchen_sink_A10_s2,R7_kitchen_sink,0.1,2,0.6083333333333334,1.0,healthy
R7_kitchen_sink_A10_s3,R7_kitchen_sink,0.1,3,0.6833333333333333,0.9666666666666668,healthy
R7_kitchen_sink_A10_s4,R7_kitchen_sink,0.1,4,0.5166666666666666,1.0,healthy
R7_kitchen_sink_A10_s5,R7_kitchen_sink,0.1,5,0.9916666666666667,0.9333333333333332,healthy
R7_kitchen_sink_A10_s6,R7_kitchen_sink,0.1,6,0.6416666666666666,1.0,healthy
R7_kitchen_sink_A10_s7,R7_kitchen_sink,0.1,7,0.375,1.0,over-specialization
R7_kitchen_sink_A10_s8,R7_kitchen_sink,0.1,8,0.9416666666666667,1.0,healthy
R7_kitchen_sink_A10_s9,R7_kitchen_sink,0.1,9,0.6416666666666667,1.0,healthy
R7_kitchen_sink_A25_s0,R7_kitchen_sink,0.25,0,0.9916666666666667,1.0,healthy
R7_kitchen_sink_A25_s1,R7_kitchen_sink,0.25,1,1.0,1.0,healthy
R7_kitchen_sink_A25_s2,R7_kitchen_sink,0.25,2,0.425,1.0,over-specialization
R7_kitchen_sink_A25_s3,R7_kitchen_sink,0.25,3,0.5916666666666666,1.0,healthy
R7_kitchen_sink_A25_s4,R7_kitchen_sink,0.25,4,0.95,1.0,healthy
R7_kitchen_sink_A25_s5,R7_kitchen_sink,0.25,5,0.9833333333333334,1.0,healthy
R7_kitchen_sink_A25_s6,R7_kitchen_sink,0.25,6,0.32500000000000007,1.0,over-specialization
R7_kitchen_sink_A25_s7,R7_kitchen_sink,0.25,7,0.9833333333333333,1.0,healthy
R7_kitchen_sink_A25_s8,R7_kitchen_sink,0.25,8,0.3583333333333333,1.0,over-specialization
R7_kitchen_sink_A25_s9,R7_kitchen_sink,0.25,9,0.8916666666666666,0.9666666666666668,healthy
R7_kitchen_sink_A50_s0,R7_kitchen_sink,0.5,0,1.0,1.0,healthy
R7_kitchen_sink_A50_s1,R7_kitchen_sink,0.5,1,0.8,1.0,healthy
R7_kitchen_sink_A50_s10,R7_kitchen_sink,0.5,10,0.8416666666666667,1.0,healthy
R7_kitchen_sink_A50_s11,R7_kitchen_sink,0.5,11,0.7416666666666667,0.9,healthy
R7_kitchen_sink_A50_s12,R7_kitchen_sink,0.5,12,0.9916666666666667,1.0,healthy
R7_kitchen_sink_A50_s13,R7_kitchen_sink,0.5,13,0.36666666666666664,1.0,over-specialization
R7_kitchen_sink_A50_s14,R7_kitchen_sink,0.5,14,0.9583333333333334,1.0,healthy
R7_kitchen_sink_A50_s15,R7_kitchen_sink,0.5,15,1.0,1.0,healthy
R7_kitchen_sink_A50_s16,R7_kitchen_sink,0.5,16,0.775,1.0,healthy
R7_kitchen_sink_A50_s17,R7_kitchen_sink,0.5,17,1.0,1.0,healthy
R7_kitchen_sink_A50_s18,R7_kitchen_sink,0.5,18,0.4833333333333333,1.0,over-specialization
R7_kitchen_sink_A50_s19,R7_kitchen_sink,0.5,19,0.9833333333333333,1.0,healthy
R7_kitchen_sink_A50_s2,R7_kitchen_sink,0.5,2,1.0,1.0,healthy
R7_kitchen_sink_A50_s3,R7_kitchen_sink,0.5,3,0.9083333333333333,1.0,healthy
R7_kitchen_sink_A50_s4,R7_kitchen_sink,0.5,4,0.5083333333333333,0.8666666666666667,healthy
R7_kitchen_sink_A50_s5,R7_kitchen_sink,0.5,5,1.0,1.0,healthy
R7_kitchen_sink_A50_s6,R7_kitchen_sink,0.5,6,0.5583333333333333,0.8333333333333334,healthy
R7_kitchen_sink_A50_s7,R7_kitchen_sink,0.5,7,0.975,1.0,healthy
R7_kitchen_sink_A50_s8,R7_kitchen_sink,0.5,8,0.5,0.0666666666666666,healthy
R7_kitchen_sink_A50_s9,R7_kitchen_sink,0.5,9,0.8916666666666667,1.0,healthy
R7_kitchen_sink_A5_s0,R7_kitchen_sink,0.05,0,0.9666666666666667,1.0,healthy
R7_kitchen_sink_A5_s1,R7_kitchen_sink,0.05,1,0.8166666666666665,1.0,healthy
R7_kitchen_sink_A5_s2,R7_kitchen_sink,0.05,2,0.22499999999999998,0.2,basin
R7_kitchen_sink_A5_s3,R7_kitchen_sink,0.05,3,0.14166666666666664,0.9666666666666668,over-specialization
R7_kitchen_sink_A5_s4,R7_kitchen_sink,0.05,4,0.55,1.0,healthy
R7_kitchen_sink_A5_s5,R7_kitchen_sink,0.05,5,0.6583333333333332,1.0,healthy
R7_kitchen_sink_A5_s6,R7_kitchen_sink,0.05,6,0.4583333333333333,1.0,over-specialization
R7_kitchen_sink_A5_s7,R7_kitchen_sink,0.05,7,1.0,1.0,healthy
R7_kitchen_sink_A5_s8,R7_kitchen_sink,0.05,8,0.31666666666666665,1.0,over-specialization
R7_kitchen_sink_A5_s9,R7_kitchen_sink,0.05,9,0.1333333333333333,0.2,basin
R7_kitchen_sink_gaefix_A0_s0,R7_kitchen_sink_gaefix,0.0,0,1.0,1.0,healthy
R7_kitchen_sink_gaefix_A0_s1,R7_kitchen_sink_gaefix,0.0,1,0.40833333333333327,0.9666666666666668,over-specialization
R7_kitchen_sink_gaefix_A0_s2,R7_kitchen_sink_gaefix,0.0,2,0.5083333333333333,0.0666666666666666,healthy
R7_kitchen_sink_gaefix_A0_s3,R7_kitchen_sink_gaefix,0.0,3,0.4333333333333333,1.0,over-specialization
R7_kitchen_sink_gaefix_A0_s4,R7_kitchen_sink_gaefix,0.0,4,1.0,1.0,healthy
R7_no_cov_urg_A0_s0,R7_no_cov_urg,0.0,0,0.6583333333333332,1.0,healthy
R7_no_cov_urg_A0_s1,R7_no_cov_urg,0.0,1,0.8,1.0,healthy
R7_no_cov_urg_A0_s2,R7_no_cov_urg,0.0,2,0.5833333333333334,0.1333333333333333,healthy
R7_no_cov_urg_A0_s3,R7_no_cov_urg,0.0,3,0.775,1.0,healthy
R7_no_cov_urg_A0_s4,R7_no_cov_urg,0.0,4,0.44166666666666665,0.8,over-specialization
R7_no_cov_urg_A0_s5,R7_no_cov_urg,0.0,5,0.9416666666666667,1.0,healthy
R7_no_cov_urg_A0_s6,R7_no_cov_urg,0.0,6,0.7583333333333333,0.9666666666666668,healthy
R7_no_cov_urg_A0_s7,R7_no_cov_urg,0.0,7,0.575,1.0,healthy
R7_no_cov_urg_A0_s8,R7_no_cov_urg,0.0,8,0.5583333333333333,1.0,healthy
R7_no_cov_urg_A0_s9,R7_no_cov_urg,0.0,9,0.8333333333333334,1.0,healthy
R7_no_coverage_A0_s0,R7_no_coverage,0.0,0,0.6166666666666666,1.0,healthy
R7_no_coverage_A0_s1,R7_no_coverage,0.0,1,0.9583333333333334,1.0,healthy
R7_no_coverage_A0_s2,R7_no_coverage,0.0,2,1.0,1.0,healthy
R7_no_coverage_A0_s3,R7_no_coverage,0.0,3,0.9083333333333333,1.0,healthy
R7_no_coverage_A0_s4,R7_no_coverage,0.0,4,0.8083333333333333,1.0,healthy
R7_no_coverage_A0_s5,R7_no_coverage,0.0,5,0.5583333333333333,1.0,healthy
R7_no_coverage_A0_s6,R7_no_coverage,0.0,6,0.7333333333333333,0.9666666666666668,healthy
R7_no_coverage_A0_s7,R7_no_coverage,0.0,7,0.8916666666666666,0.8666666666666667,healthy
R7_no_coverage_A0_s8,R7_no_coverage,0.0,8,1.0,0.9666666666666668,healthy
R7_no_coverage_A0_s9,R7_no_coverage,0.0,9,0.75,1.0,healthy
R7_no_coverage_A50_s0,R7_no_coverage,0.5,0,0.8166666666666667,1.0,healthy
R7_no_coverage_A50_s1,R7_no_coverage,0.5,1,0.9333333333333333,1.0,healthy
R7_no_coverage_A50_s2,R7_no_coverage,0.5,2,1.0,1.0,healthy
R7_no_coverage_A50_s3,R7_no_coverage,0.5,3,0.95,1.0,healthy
R7_no_coverage_A50_s4,R7_no_coverage,0.5,4,0.9833333333333334,1.0,healthy
R7_no_urgency_A0_s0,R7_no_urgency,0.0,0,0.7333333333333333,1.0,healthy
R7_no_urgency_A0_s1,R7_no_urgency,0.0,1,0.9916666666666667,0.9666666666666668,healthy
R7_no_urgency_A0_s2,R7_no_urgency,0.0,2,0.525,0.1333333333333333,healthy
R7_no_urgency_A0_s3,R7_no_urgency,0.0,3,0.5333333333333332,1.0,healthy
R7_no_urgency_A0_s4,R7_no_urgency,0.0,4,0.38333333333333336,1.0,over-specialization
R7_no_urgency_A0_s5,R7_no_urgency,0.0,5,0.5416666666666666,1.0,healthy
R7_no_urgency_A0_s6,R7_no_urgency,0.0,6,0.9833333333333333,1.0,healthy
R7_no_urgency_A0_s7,R7_no_urgency,0.0,7,0.3166666666666666,1.0,over-specialization
R7_no_urgency_A0_s8,R7_no_urgency,0.0,8,0.11666666666666665,1.0,over-specialization
R7_no_urgency_A0_s9,R7_no_urgency,0.0,9,0.85,1.0,healthy
R7sk_R4hd_A0_s0,R7sk_R4hd,0.0,0,0.6333333333333333,1.0,healthy
R7sk_R4hd_A0_s1,R7sk_R4hd,0.0,1,0.7,1.0,healthy
R7sk_R4hd_A0_s2,R7sk_R4hd,0.0,2,0.3166666666666666,1.0,over-specialization
R7sk_R4hd_A0_s3,R7sk_R4hd,0.0,3,0.9916666666666667,1.0,healthy
R7sk_R4hd_A0_s4,R7sk_R4hd,0.0,4,0.8,1.0,healthy
R7sk_R4hd_A0_s5,R7sk_R4hd,0.0,5,0.35000000000000003,1.0,over-specialization
R7sk_R4hd_A0_s6,R7sk_R4hd,0.0,6,0.7000000000000001,1.0,healthy
R7sk_R4hd_A0_s7,R7sk_R4hd,0.0,7,0.8833333333333333,1.0,healthy
R7sk_R4hd_A0_s8,R7sk_R4hd,0.0,8,0.4083333333333333,0.1333333333333333,basin
R7sk_R4hd_A0_s9,R7sk_R4hd,0.0,9,0.9333333333333333,1.0,healthy
R7sk_R4hd_A50_s0,R7sk_R4hd,0.5,0,0.8333333333333333,0.9,healthy
R7sk_R4hd_A50_s1,R7sk_R4hd,0.5,1,0.775,1.0,healthy
R7sk_R4hd_A50_s2,R7sk_R4hd,0.5,2,0.9,1.0,healthy
R7sk_R4hd_A50_s3,R7sk_R4hd,0.5,3,1.0,1.0,healthy
R7sk_R4hd_A50_s4,R7sk_R4hd,0.5,4,1.0,0.9666666666666668,healthy
R7sk_R4hd_A50_s5,R7sk_R4hd,0.5,5,0.4666666666666667,1.0,over-specialization
R7sk_R4hd_A50_s6,R7sk_R4hd,0.5,6,0.4916666666666667,1.0,over-specialization
R7sk_R4hd_A50_s7,R7sk_R4hd,0.5,7,0.7833333333333333,1.0,healthy
R7sk_R4hd_A50_s8,R7sk_R4hd,0.5,8,0.9833333333333333,0.8666666666666667,healthy
R7sk_R4hd_A50_s9,R7sk_R4hd,0.5,9,0.9666666666666667,1.0,healthy
